message,timestamp,severity,tags,attributes
"scheduling build on Metal builder ""production-builderv3-us-west1-17v4""",2026-06-17T18:06:53.001457683Z,info,"{""serviceId"":""ede4a3ba-6bc0-424f-802c-b3e2041b4048"",""deploymentId"":null,""deploymentInstanceId"":null}","{""level"":""info""}"
unpacking archive,2026-06-17T18:07:08.483125357Z,info,"{""serviceId"":""ede4a3ba-6bc0-424f-802c-b3e2041b4048"",""deploymentId"":""34d4ca83-6f85-4127-aaa3-64563aac22f8"",""deploymentInstanceId"":null}","{""source"":""railway.progress"",""status"":""complete"",""size"":399175680,""duration_ms"":1097,""level"":""info""}"
using build driver railpack-v0.27.2,2026-06-17T18:07:08.568054441Z,info,"{""serviceId"":""ede4a3ba-6bc0-424f-802c-b3e2041b4048"",""deploymentId"":""34d4ca83-6f85-4127-aaa3-64563aac22f8"",""deploymentInstanceId"":null}","{""level"":""info""}"
                   ,2026-06-17T18:07:08.729171322Z,info,"{""serviceId"":""ede4a3ba-6bc0-424f-802c-b3e2041b4048"",""deploymentId"":""34d4ca83-6f85-4127-aaa3-64563aac22f8"",""deploymentInstanceId"":null}","{""level"":""info""}"
[38;2;125;86;243m╭─────────────────╮[0m,2026-06-17T18:07:08.729174274Z,info,"{""serviceId"":""ede4a3ba-6bc0-424f-802c-b3e2041b4048"",""deploymentId"":""34d4ca83-6f85-4127-aaa3-64563aac22f8"",""deploymentInstanceId"":null}","{""level"":""info""}"
[38;2;125;86;243m│[0m Railpack 0.27.2 [38;2;125;86;243m│[0m,2026-06-17T18:07:08.729175650Z,info,"{""serviceId"":""ede4a3ba-6bc0-424f-802c-b3e2041b4048"",""deploymentId"":""34d4ca83-6f85-4127-aaa3-64563aac22f8"",""deploymentInstanceId"":null}","{""level"":""info""}"
[38;2;125;86;243m╰─────────────────╯[0m,2026-06-17T18:07:08.729176295Z,info,"{""serviceId"":""ede4a3ba-6bc0-424f-802c-b3e2041b4048"",""deploymentId"":""34d4ca83-6f85-4127-aaa3-64563aac22f8"",""deploymentInstanceId"":null}","{""level"":""info""}"
,2026-06-17T18:07:08.729176917Z,info,"{""serviceId"":""ede4a3ba-6bc0-424f-802c-b3e2041b4048"",""deploymentId"":""34d4ca83-6f85-4127-aaa3-64563aac22f8"",""deploymentInstanceId"":null}","{""level"":""info""}"
  [97m↳ Detected Node[0m,2026-06-17T18:07:08.729177725Z,info,"{""serviceId"":""ede4a3ba-6bc0-424f-802c-b3e2041b4048"",""deploymentId"":""34d4ca83-6f85-4127-aaa3-64563aac22f8"",""deploymentInstanceId"":null}","{""level"":""info""}"
  [97m↳ Using pnpm package manager[0m,2026-06-17T18:07:08.729178814Z,info,"{""serviceId"":""ede4a3ba-6bc0-424f-802c-b3e2041b4048"",""deploymentId"":""34d4ca83-6f85-4127-aaa3-64563aac22f8"",""deploymentInstanceId"":null}","{""level"":""info""}"
  [97m↳ Found workspace with 9 packages[0m,2026-06-17T18:07:08.729179500Z,info,"{""serviceId"":""ede4a3ba-6bc0-424f-802c-b3e2041b4048"",""deploymentId"":""34d4ca83-6f85-4127-aaa3-64563aac22f8"",""deploymentInstanceId"":null}","{""level"":""info""}"
            ,2026-06-17T18:07:08.729180613Z,info,"{""serviceId"":""ede4a3ba-6bc0-424f-802c-b3e2041b4048"",""deploymentId"":""34d4ca83-6f85-4127-aaa3-64563aac22f8"",""deploymentInstanceId"":null}","{""level"":""info""}"
  [1mPackages[0m  ,2026-06-17T18:07:08.729181270Z,info,"{""serviceId"":""ede4a3ba-6bc0-424f-802c-b3e2041b4048"",""deploymentId"":""34d4ca83-6f85-4127-aaa3-64563aac22f8"",""deploymentInstanceId"":null}","{""level"":""info""}"
  [38;5;238m──────────[0m,2026-06-17T18:07:08.729182289Z,info,"{""serviceId"":""ede4a3ba-6bc0-424f-802c-b3e2041b4048"",""deploymentId"":""34d4ca83-6f85-4127-aaa3-64563aac22f8"",""deploymentInstanceId"":null}","{""level"":""info""}"
  [95mnode[0m  [38;5;238m│[0m  [96m20.20.2[0m  [38;5;238m│[0m  idiomatic-version-file (20.20.2),2026-06-17T18:07:08.729183156Z,info,"{""serviceId"":""ede4a3ba-6bc0-424f-802c-b3e2041b4048"",""deploymentId"":""34d4ca83-6f85-4127-aaa3-64563aac22f8"",""deploymentInstanceId"":null}","{""level"":""info""}"
  [95mpnpm[0m  [38;5;238m│[0m  [96m9.15.9[0m   [38;5;238m│[0m  pnpm-lock.yaml (9),2026-06-17T18:07:08.729184671Z,info,"{""serviceId"":""ede4a3ba-6bc0-424f-802c-b3e2041b4048"",""deploymentId"":""34d4ca83-6f85-4127-aaa3-64563aac22f8"",""deploymentInstanceId"":null}","{""level"":""info""}"
            ,2026-06-17T18:07:08.729185340Z,info,"{""serviceId"":""ede4a3ba-6bc0-424f-802c-b3e2041b4048"",""deploymentId"":""34d4ca83-6f85-4127-aaa3-64563aac22f8"",""deploymentInstanceId"":null}","{""level"":""info""}"
  [1mSteps[0m     ,2026-06-17T18:07:08.729185784Z,info,"{""serviceId"":""ede4a3ba-6bc0-424f-802c-b3e2041b4048"",""deploymentId"":""34d4ca83-6f85-4127-aaa3-64563aac22f8"",""deploymentInstanceId"":null}","{""level"":""info""}"
  [38;5;238m──────────[0m,2026-06-17T18:07:08.729186494Z,info,"{""serviceId"":""ede4a3ba-6bc0-424f-802c-b3e2041b4048"",""deploymentId"":""34d4ca83-6f85-4127-aaa3-64563aac22f8"",""deploymentInstanceId"":null}","{""level"":""info""}"
  [95m▸ install[0m,2026-06-17T18:07:08.729186969Z,info,"{""serviceId"":""ede4a3ba-6bc0-424f-802c-b3e2041b4048"",""deploymentId"":""34d4ca83-6f85-4127-aaa3-64563aac22f8"",""deploymentInstanceId"":null}","{""level"":""info""}"
    [38;5;245m$[0m [1mpnpm add -g node-gyp[0m,2026-06-17T18:07:08.729187847Z,info,"{""serviceId"":""ede4a3ba-6bc0-424f-802c-b3e2041b4048"",""deploymentId"":""34d4ca83-6f85-4127-aaa3-64563aac22f8"",""deploymentInstanceId"":null}","{""level"":""info""}"
    [38;5;245m$[0m [1mpnpm install --frozen-lockfile --prefer-offline[0m,2026-06-17T18:07:08.729188330Z,info,"{""serviceId"":""ede4a3ba-6bc0-424f-802c-b3e2041b4048"",""deploymentId"":""34d4ca83-6f85-4127-aaa3-64563aac22f8"",""deploymentInstanceId"":null}","{""level"":""info""}"
         ,2026-06-17T18:07:08.729188933Z,info,"{""serviceId"":""ede4a3ba-6bc0-424f-802c-b3e2041b4048"",""deploymentId"":""34d4ca83-6f85-4127-aaa3-64563aac22f8"",""deploymentInstanceId"":null}","{""level"":""info""}"
  [95m▸ build[0m,2026-06-17T18:07:08.729189470Z,info,"{""serviceId"":""ede4a3ba-6bc0-424f-802c-b3e2041b4048"",""deploymentId"":""34d4ca83-6f85-4127-aaa3-64563aac22f8"",""deploymentInstanceId"":null}","{""level"":""info""}"
    [38;5;245m$[0m [1mpnpm install --no-frozen-lockfile && BASE_PATH=/ pnpm --filter @workspace/pilimpiku run build && pnpm --filter @workspace/api-server run build:prod[0m,2026-06-17T18:07:08.729190542Z,info,"{""serviceId"":""ede4a3ba-6bc0-424f-802c-b3e2041b4048"",""deploymentId"":""34d4ca83-6f85-4127-aaa3-64563aac22f8"",""deploymentInstanceId"":null}","{""level"":""info""}"
            ,2026-06-17T18:07:08.729191025Z,info,"{""serviceId"":""ede4a3ba-6bc0-424f-802c-b3e2041b4048"",""deploymentId"":""34d4ca83-6f85-4127-aaa3-64563aac22f8"",""deploymentInstanceId"":null}","{""level"":""info""}"
  [1mDeploy[0m    ,2026-06-17T18:07:08.729191575Z,info,"{""serviceId"":""ede4a3ba-6bc0-424f-802c-b3e2041b4048"",""deploymentId"":""34d4ca83-6f85-4127-aaa3-64563aac22f8"",""deploymentInstanceId"":null}","{""level"":""info""}"
  [38;5;238m──────────[0m,2026-06-17T18:07:08.729192043Z,info,"{""serviceId"":""ede4a3ba-6bc0-424f-802c-b3e2041b4048"",""deploymentId"":""34d4ca83-6f85-4127-aaa3-64563aac22f8"",""deploymentInstanceId"":null}","{""level"":""info""}"
    [38;5;245m$[0m [1mNODE_ENV=production node --enable-source-maps ./artifacts/api-server/dist/index.mjs[0m,2026-06-17T18:07:08.729192563Z,info,"{""serviceId"":""ede4a3ba-6bc0-424f-802c-b3e2041b4048"",""deploymentId"":""34d4ca83-6f85-4127-aaa3-64563aac22f8"",""deploymentInstanceId"":null}","{""level"":""info""}"
,2026-06-17T18:07:08.729193361Z,info,"{""serviceId"":""ede4a3ba-6bc0-424f-802c-b3e2041b4048"",""deploymentId"":""34d4ca83-6f85-4127-aaa3-64563aac22f8"",""deploymentInstanceId"":null}","{""level"":""info""}"
resolve image config for docker-image://ghcr.io/railwayapp/railpack-frontend:v0.27.2,2026-06-17T18:07:08.803308793Z,info,"{""serviceId"":""ede4a3ba-6bc0-424f-802c-b3e2041b4048"",""deploymentId"":""34d4ca83-6f85-4127-aaa3-64563aac22f8"",""deploymentInstanceId"":null}","{""source"":""buildkit"",""type"":""vertex"",""started"":""2026-06-17T18:07:08.802903765Z"",""level"":""info"",""digest"":""sha256:69b3f08528b8c2543f700976865c4ecdad5ba34ec4b46ade9f6907bc3fa559ce""}"
resolve image config for docker-image://ghcr.io/railwayapp/railpack-frontend:v0.27.2,2026-06-17T18:07:08.966729711Z,info,"{""serviceId"":""ede4a3ba-6bc0-424f-802c-b3e2041b4048"",""deploymentId"":""34d4ca83-6f85-4127-aaa3-64563aac22f8"",""deploymentInstanceId"":null}","{""source"":""buildkit"",""type"":""vertex"",""completed"":""2026-06-17T18:07:08.966511398Z"",""level"":""info"",""digest"":""sha256:69b3f08528b8c2543f700976865c4ecdad5ba34ec4b46ade9f6907bc3fa559ce"",""started"":""2026-06-17T18:07:08.802903765Z""}"
docker-image://ghcr.io/railwayapp/railpack-frontend:v0.27.2@sha256:9e0c6e10584d8b4e396d5e024f2fe6e2fc9f568436ad75614575b3d589400374,2026-06-17T18:07:08.967007431Z,info,"{""serviceId"":""ede4a3ba-6bc0-424f-802c-b3e2041b4048"",""deploymentId"":""34d4ca83-6f85-4127-aaa3-64563aac22f8"",""deploymentInstanceId"":null}","{""source"":""buildkit"",""type"":""vertex"",""digest"":""sha256:806fefb11c8ab762e266708b6e734d8cad9ea4409aa10513b709ae8f7a8c6565"",""level"":""info""}"
docker-image://ghcr.io/railwayapp/railpack-frontend:v0.27.2@sha256:9e0c6e10584d8b4e396d5e024f2fe6e2fc9f568436ad75614575b3d589400374,2026-06-17T18:07:08.967011957Z,info,"{""serviceId"":""ede4a3ba-6bc0-424f-802c-b3e2041b4048"",""deploymentId"":""34d4ca83-6f85-4127-aaa3-64563aac22f8"",""deploymentInstanceId"":null}","{""source"":""buildkit"",""type"":""vertex"",""started"":""2026-06-17T18:07:08.96692774Z"",""level"":""info"",""digest"":""sha256:806fefb11c8ab762e266708b6e734d8cad9ea4409aa10513b709ae8f7a8c6565""}"
docker-image://ghcr.io/railwayapp/railpack-frontend:v0.27.2@sha256:9e0c6e10584d8b4e396d5e024f2fe6e2fc9f568436ad75614575b3d589400374,2026-06-17T18:07:08.978052343Z,info,"{""serviceId"":""ede4a3ba-6bc0-424f-802c-b3e2041b4048"",""deploymentId"":""34d4ca83-6f85-4127-aaa3-64563aac22f8"",""deploymentInstanceId"":null}","{""source"":""buildkit"",""type"":""vertex"",""completed"":""2026-06-17T18:07:08.977974696Z"",""level"":""info"",""digest"":""sha256:806fefb11c8ab762e266708b6e734d8cad9ea4409aa10513b709ae8f7a8c6565"",""started"":""2026-06-17T18:07:08.96692774Z""}"
docker-image://ghcr.io/railwayapp/railpack-frontend:v0.27.2@sha256:9e0c6e10584d8b4e396d5e024f2fe6e2fc9f568436ad75614575b3d589400374,2026-06-17T18:07:08.978331236Z,info,"{""serviceId"":""ede4a3ba-6bc0-424f-802c-b3e2041b4048"",""deploymentId"":""34d4ca83-6f85-4127-aaa3-64563aac22f8"",""deploymentInstanceId"":null}","{""source"":""buildkit"",""type"":""vertex"",""cached"":true,""level"":""info"",""digest"":""sha256:806fefb11c8ab762e266708b6e734d8cad9ea4409aa10513b709ae8f7a8c6565"",""started"":""2026-06-17T18:07:08.978164251Z"",""completed"":""2026-06-17T18:07:08.978190035Z""}"
load build definition from ./railpack-plan.json,2026-06-17T18:07:09.099435373Z,info,"{""serviceId"":""ede4a3ba-6bc0-424f-802c-b3e2041b4048"",""deploymentId"":""34d4ca83-6f85-4127-aaa3-64563aac22f8"",""deploymentInstanceId"":null}","{""source"":""buildkit"",""type"":""vertex"",""digest"":""sha256:78048268d0c68cf7b1abeee69d7c0d672de4369f8fe1409585991250d33c3130"",""level"":""info""}"
load build definition from ./railpack-plan.json,2026-06-17T18:07:09.099444167Z,info,"{""serviceId"":""ede4a3ba-6bc0-424f-802c-b3e2041b4048"",""deploymentId"":""34d4ca83-6f85-4127-aaa3-64563aac22f8"",""deploymentInstanceId"":null}","{""source"":""buildkit"",""type"":""vertex"",""completed"":""2026-06-17T18:07:09.099340799Z"",""level"":""info"",""digest"":""sha256:78048268d0c68cf7b1abeee69d7c0d672de4369f8fe1409585991250d33c3130"",""started"":""2026-06-17T18:07:09.099300324Z""}"
load build definition from ./railpack-plan.json,2026-06-17T18:07:09.099660160Z,info,"{""serviceId"":""ede4a3ba-6bc0-424f-802c-b3e2041b4048"",""deploymentId"":""34d4ca83-6f85-4127-aaa3-64563aac22f8"",""deploymentInstanceId"":null}","{""source"":""buildkit"",""type"":""vertex"",""started"":""2026-06-17T18:07:09.099459954Z"",""level"":""info"",""digest"":""sha256:78048268d0c68cf7b1abeee69d7c0d672de4369f8fe1409585991250d33c3130""}"
load build definition from ./railpack-plan.json,2026-06-17T18:07:09.131224562Z,info,"{""serviceId"":""ede4a3ba-6bc0-424f-802c-b3e2041b4048"",""deploymentId"":""34d4ca83-6f85-4127-aaa3-64563aac22f8"",""deploymentInstanceId"":null}","{""source"":""buildkit"",""type"":""vertex"",""completed"":""2026-06-17T18:07:09.131132385Z"",""level"":""info"",""digest"":""sha256:78048268d0c68cf7b1abeee69d7c0d672de4369f8fe1409585991250d33c3130"",""started"":""2026-06-17T18:07:09.099459954Z""}"
copy /etc/mise/config.toml,2026-06-17T18:07:09.156567557Z,info,"{""serviceId"":""ede4a3ba-6bc0-424f-802c-b3e2041b4048"",""deploymentId"":""34d4ca83-6f85-4127-aaa3-64563aac22f8"",""deploymentInstanceId"":null}","{""source"":""buildkit"",""type"":""vertex"",""inputs"":[""sha256:deafe4c9f3275053f143874638c7e91a3f56a38a802dcbdcf3d3ac98c5db903a"",""sha256:5dd40153b16f59f84431b043ae4a1562e00c86aa206118adaaeb0a0dd4a77d79""],""level"":""info"",""digest"":""sha256:a2c2b6e2d6a4db32d3bcc8202a31d2f25d0ac938f558b1a4902c278fe6afc476""}"
copy /usr/local/bin/mise,2026-06-17T18:07:09.156568725Z,info,"{""serviceId"":""ede4a3ba-6bc0-424f-802c-b3e2041b4048"",""deploymentId"":""34d4ca83-6f85-4127-aaa3-64563aac22f8"",""deploymentInstanceId"":null}","{""source"":""buildkit"",""type"":""vertex"",""inputs"":[""sha256:7c337c3a1dc70203ac29bc0b1dac1dd08223c30d68a590e4ad3c8e103597af2d"",""sha256:5dd40153b16f59f84431b043ae4a1562e00c86aa206118adaaeb0a0dd4a77d79""],""level"":""info"",""digest"":""sha256:deafe4c9f3275053f143874638c7e91a3f56a38a802dcbdcf3d3ac98c5db903a""}"
copy /mise/installs,2026-06-17T18:07:09.156569469Z,info,"{""serviceId"":""ede4a3ba-6bc0-424f-802c-b3e2041b4048"",""deploymentId"":""34d4ca83-6f85-4127-aaa3-64563aac22f8"",""deploymentInstanceId"":null}","{""source"":""buildkit"",""type"":""vertex"",""inputs"":[""sha256:bcc18e2ca1e0648d032db2f7a63ff6455558c60b8a55b63cf722a250b45bffc5"",""sha256:5dd40153b16f59f84431b043ae4a1562e00c86aa206118adaaeb0a0dd4a77d79""],""level"":""info"",""digest"":""sha256:7c337c3a1dc70203ac29bc0b1dac1dd08223c30d68a590e4ad3c8e103597af2d""}"
copy /mise/shims,2026-06-17T18:07:09.156570111Z,info,"{""serviceId"":""ede4a3ba-6bc0-424f-802c-b3e2041b4048"",""deploymentId"":""34d4ca83-6f85-4127-aaa3-64563aac22f8"",""deploymentInstanceId"":null}","{""source"":""buildkit"",""type"":""vertex"",""inputs"":[""sha256:5dd40153b16f59f84431b043ae4a1562e00c86aa206118adaaeb0a0dd4a77d79""],""level"":""info"",""digest"":""sha256:bcc18e2ca1e0648d032db2f7a63ff6455558c60b8a55b63cf722a250b45bffc5""}"
"install mise packages: node, pnpm",2026-06-17T18:07:09.156570651Z,info,"{""serviceId"":""ede4a3ba-6bc0-424f-802c-b3e2041b4048"",""deploymentId"":""34d4ca83-6f85-4127-aaa3-64563aac22f8"",""deploymentInstanceId"":null}","{""source"":""buildkit"",""type"":""vertex"",""inputs"":[""sha256:19ce17cf6c588ae0ecdeef3986625b94e7272ef7be34e9ae3ee6cb7321b69ebf""],""level"":""info"",""digest"":""sha256:5dd40153b16f59f84431b043ae4a1562e00c86aa206118adaaeb0a0dd4a77d79""}"
copy / /app,2026-06-17T18:07:09.156571554Z,info,"{""serviceId"":""ede4a3ba-6bc0-424f-802c-b3e2041b4048"",""deploymentId"":""34d4ca83-6f85-4127-aaa3-64563aac22f8"",""deploymentInstanceId"":null}","{""source"":""buildkit"",""type"":""vertex"",""inputs"":[""sha256:5dd40153b16f59f84431b043ae4a1562e00c86aa206118adaaeb0a0dd4a77d79"",""sha256:bd377a5a8f3d250d717afe2f4791ea87f025403c4609b55ee01f5e85351e69ae""],""level"":""info"",""digest"":""sha256:345857713cecff112af2d26f81d76ba7d7e21a67eb8913ab49655417fad0bbfb""}"
mkdir /etc/mise,2026-06-17T18:07:09.156572579Z,info,"{""serviceId"":""ede4a3ba-6bc0-424f-802c-b3e2041b4048"",""deploymentId"":""34d4ca83-6f85-4127-aaa3-64563aac22f8"",""deploymentInstanceId"":null}","{""source"":""buildkit"",""type"":""vertex"",""inputs"":[""sha256:989194c6a1c29a893e34485d2d5ee5e30244351c39407c7ea1c665d5ff145366""],""level"":""info"",""digest"":""sha256:ed78d6413357c4a0304c69953cafe2ec3053b60af4ba2de3bfc7e28d846c0b45""}"
copy .node-version,2026-06-17T18:07:09.156573293Z,info,"{""serviceId"":""ede4a3ba-6bc0-424f-802c-b3e2041b4048"",""deploymentId"":""34d4ca83-6f85-4127-aaa3-64563aac22f8"",""deploymentInstanceId"":null}","{""source"":""buildkit"",""type"":""vertex"",""inputs"":[""sha256:20d08bc8677e9d76e9e2c0bb28052528a4b06c3dac0dbf84fc0e44f27bca76d8"",""sha256:bd377a5a8f3d250d717afe2f4791ea87f025403c4609b55ee01f5e85351e69ae""],""level"":""info"",""digest"":""sha256:989194c6a1c29a893e34485d2d5ee5e30244351c39407c7ea1c665d5ff145366""}"
loading .,2026-06-17T18:07:09.156573830Z,info,"{""serviceId"":""ede4a3ba-6bc0-424f-802c-b3e2041b4048"",""deploymentId"":""34d4ca83-6f85-4127-aaa3-64563aac22f8"",""deploymentInstanceId"":null}","{""source"":""buildkit"",""type"":""vertex"",""digest"":""sha256:bd377a5a8f3d250d717afe2f4791ea87f025403c4609b55ee01f5e85351e69ae"",""level"":""info""}"
docker-image://ghcr.io/railwayapp/railpack-builder:mise-2026.6.10,2026-06-17T18:07:09.156574344Z,info,"{""serviceId"":""ede4a3ba-6bc0-424f-802c-b3e2041b4048"",""deploymentId"":""34d4ca83-6f85-4127-aaa3-64563aac22f8"",""deploymentInstanceId"":null}","{""source"":""buildkit"",""type"":""vertex"",""digest"":""sha256:20d08bc8677e9d76e9e2c0bb28052528a4b06c3dac0dbf84fc0e44f27bca76d8"",""level"":""info""}"
install apt packages: libatomic1,2026-06-17T18:07:09.156574995Z,info,"{""serviceId"":""ede4a3ba-6bc0-424f-802c-b3e2041b4048"",""deploymentId"":""34d4ca83-6f85-4127-aaa3-64563aac22f8"",""deploymentInstanceId"":null}","{""source"":""buildkit"",""type"":""vertex"",""inputs"":[""sha256:2d3107d5245d1feda13718c93c09ac0b1a32193db58c9e23869ced901233d37d""],""level"":""info"",""digest"":""sha256:14cc5207c2a703d2b8a8545b07ba0cddd8fb310e4a3c86829b80eac657903d8a""}"
copy /root/.local/state/mise,2026-06-17T18:07:09.156575699Z,info,"{""serviceId"":""ede4a3ba-6bc0-424f-802c-b3e2041b4048"",""deploymentId"":""34d4ca83-6f85-4127-aaa3-64563aac22f8"",""deploymentInstanceId"":null}","{""source"":""buildkit"",""type"":""vertex"",""inputs"":[""sha256:a2c2b6e2d6a4db32d3bcc8202a31d2f25d0ac938f558b1a4902c278fe6afc476"",""sha256:5dd40153b16f59f84431b043ae4a1562e00c86aa206118adaaeb0a0dd4a77d79""],""level"":""info"",""digest"":""sha256:f3ec4ce82665fe75d964f9fe782aab5d56a108059a67ab2c1f506b98db058f72""}"
[railpack] loading secrets,2026-06-17T18:07:09.156576160Z,info,"{""serviceId"":""ede4a3ba-6bc0-424f-802c-b3e2041b4048"",""deploymentId"":""34d4ca83-6f85-4127-aaa3-64563aac22f8"",""deploymentInstanceId"":null}","{""source"":""buildkit"",""type"":""vertex"",""digest"":""sha256:a7f9733e307dd352c82d43053b783dd17bb2ec2c36214908ce393e41545c8b51"",""level"":""info""}"
docker-image://ghcr.io/railwayapp/railpack-runtime:mise-2026.6.10,2026-06-17T18:07:09.156576613Z,info,"{""serviceId"":""ede4a3ba-6bc0-424f-802c-b3e2041b4048"",""deploymentId"":""34d4ca83-6f85-4127-aaa3-64563aac22f8"",""deploymentInstanceId"":null}","{""source"":""buildkit"",""type"":""vertex"",""digest"":""sha256:2d3107d5245d1feda13718c93c09ac0b1a32193db58c9e23869ced901233d37d"",""level"":""info""}"
create mise config,2026-06-17T18:07:09.156577129Z,info,"{""serviceId"":""ede4a3ba-6bc0-424f-802c-b3e2041b4048"",""deploymentId"":""34d4ca83-6f85-4127-aaa3-64563aac22f8"",""deploymentInstanceId"":null}","{""source"":""buildkit"",""type"":""vertex"",""inputs"":[""sha256:ed78d6413357c4a0304c69953cafe2ec3053b60af4ba2de3bfc7e28d846c0b45""],""level"":""info"",""digest"":""sha256:19ce17cf6c588ae0ecdeef3986625b94e7272ef7be34e9ae3ee6cb7321b69ebf""}"
copy /app/node_modules,2026-06-17T18:07:09.156669095Z,info,"{""serviceId"":""ede4a3ba-6bc0-424f-802c-b3e2041b4048"",""deploymentId"":""34d4ca83-6f85-4127-aaa3-64563aac22f8"",""deploymentInstanceId"":null}","{""source"":""buildkit"",""type"":""vertex"",""inputs"":[""sha256:e07e1de395f3554ea75b97c485b7f7c18c6a84e548c96af34a1524c03c08864c""],""level"":""info"",""digest"":""sha256:e069ce8b78b480720845c3a5e24bf340b7b5869afe123cfec67b426bf559e46c""}"
pnpm install --no-frozen-lockfile && BASE_PATH=/ pnpm --filter @workspace/pilimpiku run build && pnpm --filter @workspace/api-server run build:prod,2026-06-17T18:07:09.156670394Z,info,"{""serviceId"":""ede4a3ba-6bc0-424f-802c-b3e2041b4048"",""deploymentId"":""34d4ca83-6f85-4127-aaa3-64563aac22f8"",""deploymentInstanceId"":null}","{""source"":""buildkit"",""type"":""vertex"",""inputs"":[""sha256:54cbb610c8d51af4ef6f88fadbefb4d29dd4215d498a5570485da7689f4f7a54"",""sha256:a21289025bad13dac519029a81f6271f5c0ced81b7e73e6f1fe525840e4f230d""],""level"":""info"",""digest"":""sha256:e07e1de395f3554ea75b97c485b7f7c18c6a84e548c96af34a1524c03c08864c""}"
copy .,2026-06-17T18:07:09.156671161Z,info,"{""serviceId"":""ede4a3ba-6bc0-424f-802c-b3e2041b4048"",""deploymentId"":""34d4ca83-6f85-4127-aaa3-64563aac22f8"",""deploymentInstanceId"":null}","{""source"":""buildkit"",""type"":""vertex"",""inputs"":[""sha256:0cc1f7e9fd34c7838bb5d723526d88fcc72cbe8d3fea31557e1731713531795a"",""sha256:bd377a5a8f3d250d717afe2f4791ea87f025403c4609b55ee01f5e85351e69ae""],""level"":""info"",""digest"":""sha256:54cbb610c8d51af4ef6f88fadbefb4d29dd4215d498a5570485da7689f4f7a54""}"
copy / /app,2026-06-17T18:07:09.156671693Z,info,"{""serviceId"":""ede4a3ba-6bc0-424f-802c-b3e2041b4048"",""deploymentId"":""34d4ca83-6f85-4127-aaa3-64563aac22f8"",""deploymentInstanceId"":null}","{""source"":""buildkit"",""type"":""vertex"",""inputs"":[""sha256:f30f0f5302e07488ba91c38b150343fb1c6c5afd4990d75691f7e65b529eda99"",""sha256:bd377a5a8f3d250d717afe2f4791ea87f025403c4609b55ee01f5e85351e69ae""],""level"":""info"",""digest"":""sha256:0cc1f7e9fd34c7838bb5d723526d88fcc72cbe8d3fea31557e1731713531795a""}"
pnpm install --frozen-lockfile --prefer-offline,2026-06-17T18:07:09.156672386Z,info,"{""serviceId"":""ede4a3ba-6bc0-424f-802c-b3e2041b4048"",""deploymentId"":""34d4ca83-6f85-4127-aaa3-64563aac22f8"",""deploymentInstanceId"":null}","{""source"":""buildkit"",""type"":""vertex"",""inputs"":[""sha256:14901622a0b13f5ec7d41a59948d8239c03bf167c0764d02b91572868f48ad75"",""sha256:733955d90f0703b7439f6eef3b0c4635cc65ae1e1be22314732a4e43ae3eb9c9""],""level"":""info"",""digest"":""sha256:f30f0f5302e07488ba91c38b150343fb1c6c5afd4990d75691f7e65b529eda99""}"
pnpm add -g node-gyp,2026-06-17T18:07:09.156673023Z,info,"{""serviceId"":""ede4a3ba-6bc0-424f-802c-b3e2041b4048"",""deploymentId"":""34d4ca83-6f85-4127-aaa3-64563aac22f8"",""deploymentInstanceId"":null}","{""source"":""buildkit"",""type"":""vertex"",""inputs"":[""sha256:177c450b5bbcf6d70f3a9a6981724e648c5b629c267b774d31daac28fbab22ff"",""sha256:733955d90f0703b7439f6eef3b0c4635cc65ae1e1be22314732a4e43ae3eb9c9""],""level"":""info"",""digest"":""sha256:14901622a0b13f5ec7d41a59948d8239c03bf167c0764d02b91572868f48ad75""}"
mkdir -p /app/node_modules/.cache,2026-06-17T18:07:09.156673626Z,info,"{""serviceId"":""ede4a3ba-6bc0-424f-802c-b3e2041b4048"",""deploymentId"":""34d4ca83-6f85-4127-aaa3-64563aac22f8"",""deploymentInstanceId"":null}","{""source"":""buildkit"",""type"":""vertex"",""inputs"":[""sha256:345857713cecff112af2d26f81d76ba7d7e21a67eb8913ab49655417fad0bbfb"",""sha256:733955d90f0703b7439f6eef3b0c4635cc65ae1e1be22314732a4e43ae3eb9c9""],""level"":""info"",""digest"":""sha256:177c450b5bbcf6d70f3a9a6981724e648c5b629c267b774d31daac28fbab22ff""}"
[railpack] copy used secrets hash,2026-06-17T18:07:09.156674150Z,info,"{""serviceId"":""ede4a3ba-6bc0-424f-802c-b3e2041b4048"",""deploymentId"":""34d4ca83-6f85-4127-aaa3-64563aac22f8"",""deploymentInstanceId"":null}","{""source"":""buildkit"",""type"":""vertex"",""inputs"":[""sha256:1b5709238eaf03c45f6eb6ae09f39e25004f7b1cb296d6a883ebe4d7540f0831""],""level"":""info"",""digest"":""sha256:733955d90f0703b7439f6eef3b0c4635cc65ae1e1be22314732a4e43ae3eb9c9""}"
[railpack] hash used secrets,2026-06-17T18:07:09.156674768Z,info,"{""serviceId"":""ede4a3ba-6bc0-424f-802c-b3e2041b4048"",""deploymentId"":""34d4ca83-6f85-4127-aaa3-64563aac22f8"",""deploymentInstanceId"":null}","{""source"":""buildkit"",""type"":""vertex"",""inputs"":[""sha256:2041d0167bb8bbd4381aef0c943d1e1efb2cd56e1011031922a3da2563eed15e""],""level"":""info"",""digest"":""sha256:1b5709238eaf03c45f6eb6ae09f39e25004f7b1cb296d6a883ebe4d7540f0831""}"
[railpack] copy secrets hash,2026-06-17T18:07:09.156675293Z,info,"{""serviceId"":""ede4a3ba-6bc0-424f-802c-b3e2041b4048"",""deploymentId"":""34d4ca83-6f85-4127-aaa3-64563aac22f8"",""deploymentInstanceId"":null}","{""source"":""buildkit"",""type"":""vertex"",""inputs"":[""sha256:a7f9733e307dd352c82d43053b783dd17bb2ec2c36214908ce393e41545c8b51"",""sha256:a21289025bad13dac519029a81f6271f5c0ced81b7e73e6f1fe525840e4f230d""],""level"":""info"",""digest"":""sha256:2041d0167bb8bbd4381aef0c943d1e1efb2cd56e1011031922a3da2563eed15e""}"
[railpack] secrets hash,2026-06-17T18:07:09.156675826Z,info,"{""serviceId"":""ede4a3ba-6bc0-424f-802c-b3e2041b4048"",""deploymentId"":""34d4ca83-6f85-4127-aaa3-64563aac22f8"",""deploymentInstanceId"":null}","{""source"":""buildkit"",""type"":""vertex"",""digest"":""sha256:a21289025bad13dac519029a81f6271f5c0ced81b7e73e6f1fe525840e4f230d"",""level"":""info""}"
copy /app,2026-06-17T18:07:09.156678853Z,info,"{""serviceId"":""ede4a3ba-6bc0-424f-802c-b3e2041b4048"",""deploymentId"":""34d4ca83-6f85-4127-aaa3-64563aac22f8"",""deploymentInstanceId"":null}","{""source"":""buildkit"",""type"":""vertex"",""inputs"":[""sha256:20057bd3a242645be2343a71b2aaec00ccbc59fe938c85482c8df7fddc4459c9"",""sha256:e07e1de395f3554ea75b97c485b7f7c18c6a84e548c96af34a1524c03c08864c""],""level"":""info"",""digest"":""sha256:7e1ae36442774b2d5e1a743f68172ce4a009b0539dcb3d7870581cf62493ddc9""}"
copy /root/.cache,2026-06-17T18:07:09.156679458Z,info,"{""serviceId"":""ede4a3ba-6bc0-424f-802c-b3e2041b4048"",""deploymentId"":""34d4ca83-6f85-4127-aaa3-64563aac22f8"",""deploymentInstanceId"":null}","{""source"":""buildkit"",""type"":""vertex"",""inputs"":[""sha256:e07e1de395f3554ea75b97c485b7f7c18c6a84e548c96af34a1524c03c08864c""],""level"":""info"",""digest"":""sha256:20057bd3a242645be2343a71b2aaec00ccbc59fe938c85482c8df7fddc4459c9""}"
"[railpack] merge $packages:apt:runtime, $packages:mise, $build, $build",2026-06-17T18:07:09.156685580Z,info,"{""serviceId"":""ede4a3ba-6bc0-424f-802c-b3e2041b4048"",""deploymentId"":""34d4ca83-6f85-4127-aaa3-64563aac22f8"",""deploymentInstanceId"":null}","{""source"":""buildkit"",""type"":""vertex"",""inputs"":[""sha256:14cc5207c2a703d2b8a8545b07ba0cddd8fb310e4a3c86829b80eac657903d8a"",""sha256:f3ec4ce82665fe75d964f9fe782aab5d56a108059a67ab2c1f506b98db058f72"",""sha256:e069ce8b78b480720845c3a5e24bf340b7b5869afe123cfec67b426bf559e46c"",""sha256:7e1ae36442774b2d5e1a743f68172ce4a009b0539dcb3d7870581cf62493ddc9""],""level"":""info"",""digest"":""sha256:8aa8aba14a0e615d15f0aadb8a62a8fe6859e4ccc42c9b364b734e84d1548051""}"
docker-image://ghcr.io/railwayapp/railpack-runtime:mise-2026.6.10,2026-06-17T18:07:09.157020444Z,info,"{""serviceId"":""ede4a3ba-6bc0-424f-802c-b3e2041b4048"",""deploymentId"":""34d4ca83-6f85-4127-aaa3-64563aac22f8"",""deploymentInstanceId"":null}","{""source"":""buildkit"",""type"":""vertex"",""started"":""2026-06-17T18:07:09.156803359Z"",""level"":""info"",""digest"":""sha256:2d3107d5245d1feda13718c93c09ac0b1a32193db58c9e23869ced901233d37d""}"
[railpack] secrets hash,2026-06-17T18:07:09.157021593Z,info,"{""serviceId"":""ede4a3ba-6bc0-424f-802c-b3e2041b4048"",""deploymentId"":""34d4ca83-6f85-4127-aaa3-64563aac22f8"",""deploymentInstanceId"":null}","{""source"":""buildkit"",""type"":""vertex"",""completed"":""2026-06-17T18:07:09.156835008Z"",""level"":""info"",""digest"":""sha256:a21289025bad13dac519029a81f6271f5c0ced81b7e73e6f1fe525840e4f230d"",""started"":""2026-06-17T18:07:09.156810827Z""}"
loading .,2026-06-17T18:07:09.157022511Z,info,"{""serviceId"":""ede4a3ba-6bc0-424f-802c-b3e2041b4048"",""deploymentId"":""34d4ca83-6f85-4127-aaa3-64563aac22f8"",""deploymentInstanceId"":null}","{""source"":""buildkit"",""type"":""vertex"",""started"":""2026-06-17T18:07:09.15686178Z"",""level"":""info"",""digest"":""sha256:bd377a5a8f3d250d717afe2f4791ea87f025403c4609b55ee01f5e85351e69ae""}"
loading .,2026-06-17T18:07:09.157027903Z,info,"{""serviceId"":""ede4a3ba-6bc0-424f-802c-b3e2041b4048"",""deploymentId"":""34d4ca83-6f85-4127-aaa3-64563aac22f8"",""deploymentInstanceId"":null}","{""source"":""buildkit"",""type"":""vertex"",""completed"":""2026-06-17T18:07:09.156892763Z"",""level"":""info"",""digest"":""sha256:bd377a5a8f3d250d717afe2f4791ea87f025403c4609b55ee01f5e85351e69ae"",""started"":""2026-06-17T18:07:09.15686178Z""}"
docker-image://ghcr.io/railwayapp/railpack-builder:mise-2026.6.10,2026-06-17T18:07:09.157028737Z,info,"{""serviceId"":""ede4a3ba-6bc0-424f-802c-b3e2041b4048"",""deploymentId"":""34d4ca83-6f85-4127-aaa3-64563aac22f8"",""deploymentInstanceId"":null}","{""source"":""buildkit"",""type"":""vertex"",""started"":""2026-06-17T18:07:09.156906701Z"",""level"":""info"",""digest"":""sha256:20d08bc8677e9d76e9e2c0bb28052528a4b06c3dac0dbf84fc0e44f27bca76d8""}"
[railpack] loading secrets,2026-06-17T18:07:09.157322666Z,info,"{""serviceId"":""ede4a3ba-6bc0-424f-802c-b3e2041b4048"",""deploymentId"":""34d4ca83-6f85-4127-aaa3-64563aac22f8"",""deploymentInstanceId"":null}","{""source"":""buildkit"",""type"":""vertex"",""started"":""2026-06-17T18:07:09.157177867Z"",""level"":""info"",""digest"":""sha256:a7f9733e307dd352c82d43053b783dd17bb2ec2c36214908ce393e41545c8b51""}"
docker-image://ghcr.io/railwayapp/railpack-runtime:mise-2026.6.10,2026-06-17T18:07:09.455238241Z,info,"{""serviceId"":""ede4a3ba-6bc0-424f-802c-b3e2041b4048"",""deploymentId"":""34d4ca83-6f85-4127-aaa3-64563aac22f8"",""deploymentInstanceId"":null}","{""source"":""buildkit"",""type"":""vertex"",""completed"":""2026-06-17T18:07:09.455069571Z"",""level"":""info"",""digest"":""sha256:2d3107d5245d1feda13718c93c09ac0b1a32193db58c9e23869ced901233d37d"",""started"":""2026-06-17T18:07:09.156803359Z""}"
docker-image://ghcr.io/railwayapp/railpack-builder:mise-2026.6.10,2026-06-17T18:07:09.462349213Z,info,"{""serviceId"":""ede4a3ba-6bc0-424f-802c-b3e2041b4048"",""deploymentId"":""34d4ca83-6f85-4127-aaa3-64563aac22f8"",""deploymentInstanceId"":null}","{""source"":""buildkit"",""type"":""vertex"",""completed"":""2026-06-17T18:07:09.46227438Z"",""level"":""info"",""digest"":""sha256:20d08bc8677e9d76e9e2c0bb28052528a4b06c3dac0dbf84fc0e44f27bca76d8"",""started"":""2026-06-17T18:07:09.156906701Z""}"
[railpack] secrets hash,2026-06-17T18:07:09.462825823Z,info,"{""serviceId"":""ede4a3ba-6bc0-424f-802c-b3e2041b4048"",""deploymentId"":""34d4ca83-6f85-4127-aaa3-64563aac22f8"",""deploymentInstanceId"":null}","{""source"":""buildkit"",""type"":""vertex"",""started"":""2026-06-17T18:07:09.462684631Z"",""level"":""info"",""digest"":""sha256:a21289025bad13dac519029a81f6271f5c0ced81b7e73e6f1fe525840e4f230d""}"
loading .,2026-06-17T18:07:09.462826455Z,info,"{""serviceId"":""ede4a3ba-6bc0-424f-802c-b3e2041b4048"",""deploymentId"":""34d4ca83-6f85-4127-aaa3-64563aac22f8"",""deploymentInstanceId"":null}","{""source"":""buildkit"",""type"":""vertex"",""started"":""2026-06-17T18:07:09.462711234Z"",""level"":""info"",""digest"":""sha256:bd377a5a8f3d250d717afe2f4791ea87f025403c4609b55ee01f5e85351e69ae""}"
[railpack] secrets hash,2026-06-17T18:07:09.507790187Z,info,"{""serviceId"":""ede4a3ba-6bc0-424f-802c-b3e2041b4048"",""deploymentId"":""34d4ca83-6f85-4127-aaa3-64563aac22f8"",""deploymentInstanceId"":null}","{""source"":""buildkit"",""type"":""vertex"",""completed"":""2026-06-17T18:07:09.507631403Z"",""level"":""info"",""digest"":""sha256:a21289025bad13dac519029a81f6271f5c0ced81b7e73e6f1fe525840e4f230d"",""started"":""2026-06-17T18:07:09.462684631Z""}"
[railpack] loading secrets,2026-06-17T18:07:09.564849020Z,info,"{""serviceId"":""ede4a3ba-6bc0-424f-802c-b3e2041b4048"",""deploymentId"":""34d4ca83-6f85-4127-aaa3-64563aac22f8"",""deploymentInstanceId"":null}","{""source"":""buildkit"",""type"":""vertex"",""completed"":""2026-06-17T18:07:09.564762858Z"",""level"":""info"",""digest"":""sha256:a7f9733e307dd352c82d43053b783dd17bb2ec2c36214908ce393e41545c8b51"",""started"":""2026-06-17T18:07:09.157177867Z""}"
[railpack] loading secrets,2026-06-17T18:07:09.581968001Z,info,"{""serviceId"":""ede4a3ba-6bc0-424f-802c-b3e2041b4048"",""deploymentId"":""34d4ca83-6f85-4127-aaa3-64563aac22f8"",""deploymentInstanceId"":null}","{""source"":""buildkit"",""type"":""vertex"",""cached"":true,""level"":""info"",""digest"":""sha256:a7f9733e307dd352c82d43053b783dd17bb2ec2c36214908ce393e41545c8b51"",""started"":""2026-06-17T18:07:09.581815548Z"",""completed"":""2026-06-17T18:07:09.581876255Z""}"
[railpack] copy secrets hash,2026-06-17T18:07:09.582186824Z,info,"{""serviceId"":""ede4a3ba-6bc0-424f-802c-b3e2041b4048"",""deploymentId"":""34d4ca83-6f85-4127-aaa3-64563aac22f8"",""deploymentInstanceId"":null}","{""source"":""buildkit"",""type"":""vertex"",""started"":""2026-06-17T18:07:09.582034735Z"",""level"":""info"",""digest"":""sha256:2041d0167bb8bbd4381aef0c943d1e1efb2cd56e1011031922a3da2563eed15e"",""inputs"":[""sha256:a7f9733e307dd352c82d43053b783dd17bb2ec2c36214908ce393e41545c8b51"",""sha256:a21289025bad13dac519029a81f6271f5c0ced81b7e73e6f1fe525840e4f230d""]}"
[railpack] copy secrets hash,2026-06-17T18:07:09.658082468Z,info,"{""serviceId"":""ede4a3ba-6bc0-424f-802c-b3e2041b4048"",""deploymentId"":""34d4ca83-6f85-4127-aaa3-64563aac22f8"",""deploymentInstanceId"":null}","{""source"":""buildkit"",""type"":""vertex"",""completed"":""2026-06-17T18:07:09.657940047Z"",""level"":""info"",""digest"":""sha256:2041d0167bb8bbd4381aef0c943d1e1efb2cd56e1011031922a3da2563eed15e"",""inputs"":[""sha256:a7f9733e307dd352c82d43053b783dd17bb2ec2c36214908ce393e41545c8b51"",""sha256:a21289025bad13dac519029a81f6271f5c0ced81b7e73e6f1fe525840e4f230d""],""started"":""2026-06-17T18:07:09.582034735Z""}"
[railpack] hash used secrets,2026-06-17T18:07:09.668109244Z,info,"{""serviceId"":""ede4a3ba-6bc0-424f-802c-b3e2041b4048"",""deploymentId"":""34d4ca83-6f85-4127-aaa3-64563aac22f8"",""deploymentInstanceId"":null}","{""source"":""buildkit"",""type"":""vertex"",""started"":""2026-06-17T18:07:09.667890085Z"",""level"":""info"",""digest"":""sha256:1b5709238eaf03c45f6eb6ae09f39e25004f7b1cb296d6a883ebe4d7540f0831"",""inputs"":[""sha256:2041d0167bb8bbd4381aef0c943d1e1efb2cd56e1011031922a3da2563eed15e""]}"
[railpack] hash used secrets,2026-06-17T18:07:09.838676899Z,info,"{""serviceId"":""ede4a3ba-6bc0-424f-802c-b3e2041b4048"",""deploymentId"":""34d4ca83-6f85-4127-aaa3-64563aac22f8"",""deploymentInstanceId"":null}","{""source"":""buildkit"",""type"":""vertex"",""completed"":""2026-06-17T18:07:09.83848589Z"",""level"":""info"",""digest"":""sha256:1b5709238eaf03c45f6eb6ae09f39e25004f7b1cb296d6a883ebe4d7540f0831"",""inputs"":[""sha256:2041d0167bb8bbd4381aef0c943d1e1efb2cd56e1011031922a3da2563eed15e""],""started"":""2026-06-17T18:07:09.667890085Z""}"
loading .,2026-06-17T18:07:10.944752119Z,info,"{""serviceId"":""ede4a3ba-6bc0-424f-802c-b3e2041b4048"",""deploymentId"":""34d4ca83-6f85-4127-aaa3-64563aac22f8"",""deploymentInstanceId"":null}","{""source"":""buildkit"",""type"":""vertex"",""completed"":""2026-06-17T18:07:10.944567498Z"",""level"":""info"",""digest"":""sha256:bd377a5a8f3d250d717afe2f4791ea87f025403c4609b55ee01f5e85351e69ae"",""started"":""2026-06-17T18:07:09.462711234Z""}"
copy .node-version,2026-06-17T18:07:10.963554088Z,info,"{""serviceId"":""ede4a3ba-6bc0-424f-802c-b3e2041b4048"",""deploymentId"":""34d4ca83-6f85-4127-aaa3-64563aac22f8"",""deploymentInstanceId"":null}","{""source"":""buildkit"",""type"":""vertex"",""cached"":true,""level"":""info"",""digest"":""sha256:989194c6a1c29a893e34485d2d5ee5e30244351c39407c7ea1c665d5ff145366"",""inputs"":[""sha256:20d08bc8677e9d76e9e2c0bb28052528a4b06c3dac0dbf84fc0e44f27bca76d8"",""sha256:bd377a5a8f3d250d717afe2f4791ea87f025403c4609b55ee01f5e85351e69ae""],""started"":""2026-06-17T18:07:10.963304281Z"",""completed"":""2026-06-17T18:07:10.963304281Z""}"
mkdir /etc/mise,2026-06-17T18:07:10.963554684Z,info,"{""serviceId"":""ede4a3ba-6bc0-424f-802c-b3e2041b4048"",""deploymentId"":""34d4ca83-6f85-4127-aaa3-64563aac22f8"",""deploymentInstanceId"":null}","{""source"":""buildkit"",""type"":""vertex"",""cached"":true,""level"":""info"",""digest"":""sha256:ed78d6413357c4a0304c69953cafe2ec3053b60af4ba2de3bfc7e28d846c0b45"",""inputs"":[""sha256:989194c6a1c29a893e34485d2d5ee5e30244351c39407c7ea1c665d5ff145366""],""started"":""2026-06-17T18:07:10.963304281Z"",""completed"":""2026-06-17T18:07:10.963304281Z""}"
create mise config,2026-06-17T18:07:10.963555131Z,info,"{""serviceId"":""ede4a3ba-6bc0-424f-802c-b3e2041b4048"",""deploymentId"":""34d4ca83-6f85-4127-aaa3-64563aac22f8"",""deploymentInstanceId"":null}","{""source"":""buildkit"",""type"":""vertex"",""cached"":true,""level"":""info"",""digest"":""sha256:19ce17cf6c588ae0ecdeef3986625b94e7272ef7be34e9ae3ee6cb7321b69ebf"",""inputs"":[""sha256:ed78d6413357c4a0304c69953cafe2ec3053b60af4ba2de3bfc7e28d846c0b45""],""started"":""2026-06-17T18:07:10.963304281Z"",""completed"":""2026-06-17T18:07:10.963304281Z""}"
"install mise packages: node, pnpm",2026-06-17T18:07:10.963555580Z,info,"{""serviceId"":""ede4a3ba-6bc0-424f-802c-b3e2041b4048"",""deploymentId"":""34d4ca83-6f85-4127-aaa3-64563aac22f8"",""deploymentInstanceId"":null}","{""source"":""buildkit"",""type"":""vertex"",""cached"":true,""level"":""info"",""digest"":""sha256:5dd40153b16f59f84431b043ae4a1562e00c86aa206118adaaeb0a0dd4a77d79"",""inputs"":[""sha256:19ce17cf6c588ae0ecdeef3986625b94e7272ef7be34e9ae3ee6cb7321b69ebf""],""started"":""2026-06-17T18:07:10.963304281Z""}"
[railpack] copy used secrets hash,2026-06-17T18:07:10.963556014Z,info,"{""serviceId"":""ede4a3ba-6bc0-424f-802c-b3e2041b4048"",""deploymentId"":""34d4ca83-6f85-4127-aaa3-64563aac22f8"",""deploymentInstanceId"":null}","{""source"":""buildkit"",""type"":""vertex"",""cached"":true,""level"":""info"",""digest"":""sha256:733955d90f0703b7439f6eef3b0c4635cc65ae1e1be22314732a4e43ae3eb9c9"",""inputs"":[""sha256:1b5709238eaf03c45f6eb6ae09f39e25004f7b1cb296d6a883ebe4d7540f0831""],""started"":""2026-06-17T18:07:10.96330943Z""}"
"install mise packages: node, pnpm",2026-06-17T18:07:10.963558496Z,info,"{""serviceId"":""ede4a3ba-6bc0-424f-802c-b3e2041b4048"",""deploymentId"":""34d4ca83-6f85-4127-aaa3-64563aac22f8"",""deploymentInstanceId"":null}","{""source"":""buildkit"",""type"":""vertex"",""cached"":true,""level"":""info"",""digest"":""sha256:5dd40153b16f59f84431b043ae4a1562e00c86aa206118adaaeb0a0dd4a77d79"",""inputs"":[""sha256:19ce17cf6c588ae0ecdeef3986625b94e7272ef7be34e9ae3ee6cb7321b69ebf""],""started"":""2026-06-17T18:07:10.963304281Z"",""completed"":""2026-06-17T18:07:10.96339451Z""}"
[railpack] copy used secrets hash,2026-06-17T18:07:10.963564640Z,info,"{""serviceId"":""ede4a3ba-6bc0-424f-802c-b3e2041b4048"",""deploymentId"":""34d4ca83-6f85-4127-aaa3-64563aac22f8"",""deploymentInstanceId"":null}","{""source"":""buildkit"",""type"":""vertex"",""cached"":true,""level"":""info"",""digest"":""sha256:733955d90f0703b7439f6eef3b0c4635cc65ae1e1be22314732a4e43ae3eb9c9"",""inputs"":[""sha256:1b5709238eaf03c45f6eb6ae09f39e25004f7b1cb296d6a883ebe4d7540f0831""],""started"":""2026-06-17T18:07:10.96330943Z"",""completed"":""2026-06-17T18:07:10.963434398Z""}"
copy / /app,2026-06-17T18:07:10.963575030Z,info,"{""serviceId"":""ede4a3ba-6bc0-424f-802c-b3e2041b4048"",""deploymentId"":""34d4ca83-6f85-4127-aaa3-64563aac22f8"",""deploymentInstanceId"":null}","{""source"":""buildkit"",""type"":""vertex"",""started"":""2026-06-17T18:07:10.963508357Z"",""level"":""info"",""digest"":""sha256:345857713cecff112af2d26f81d76ba7d7e21a67eb8913ab49655417fad0bbfb"",""inputs"":[""sha256:5dd40153b16f59f84431b043ae4a1562e00c86aa206118adaaeb0a0dd4a77d79"",""sha256:bd377a5a8f3d250d717afe2f4791ea87f025403c4609b55ee01f5e85351e69ae""]}"
copy / /app,2026-06-17T18:07:11.602783661Z,info,"{""serviceId"":""ede4a3ba-6bc0-424f-802c-b3e2041b4048"",""deploymentId"":""34d4ca83-6f85-4127-aaa3-64563aac22f8"",""deploymentInstanceId"":null}","{""source"":""buildkit"",""type"":""vertex"",""completed"":""2026-06-17T18:07:11.602340247Z"",""level"":""info"",""digest"":""sha256:345857713cecff112af2d26f81d76ba7d7e21a67eb8913ab49655417fad0bbfb"",""inputs"":[""sha256:5dd40153b16f59f84431b043ae4a1562e00c86aa206118adaaeb0a0dd4a77d79"",""sha256:bd377a5a8f3d250d717afe2f4791ea87f025403c4609b55ee01f5e85351e69ae""],""started"":""2026-06-17T18:07:10.963508357Z""}"
mkdir -p /app/node_modules/.cache,2026-06-17T18:07:11.613043583Z,info,"{""serviceId"":""ede4a3ba-6bc0-424f-802c-b3e2041b4048"",""deploymentId"":""34d4ca83-6f85-4127-aaa3-64563aac22f8"",""deploymentInstanceId"":null}","{""source"":""buildkit"",""type"":""vertex"",""started"":""2026-06-17T18:07:11.612780359Z"",""level"":""info"",""digest"":""sha256:177c450b5bbcf6d70f3a9a6981724e648c5b629c267b774d31daac28fbab22ff"",""inputs"":[""sha256:345857713cecff112af2d26f81d76ba7d7e21a67eb8913ab49655417fad0bbfb"",""sha256:733955d90f0703b7439f6eef3b0c4635cc65ae1e1be22314732a4e43ae3eb9c9""]}"
mkdir -p /app/node_modules/.cache,2026-06-17T18:07:11.845587228Z,info,"{""serviceId"":""ede4a3ba-6bc0-424f-802c-b3e2041b4048"",""deploymentId"":""34d4ca83-6f85-4127-aaa3-64563aac22f8"",""deploymentInstanceId"":null}","{""source"":""buildkit"",""type"":""vertex"",""completed"":""2026-06-17T18:07:11.845448935Z"",""level"":""info"",""digest"":""sha256:177c450b5bbcf6d70f3a9a6981724e648c5b629c267b774d31daac28fbab22ff"",""inputs"":[""sha256:345857713cecff112af2d26f81d76ba7d7e21a67eb8913ab49655417fad0bbfb"",""sha256:733955d90f0703b7439f6eef3b0c4635cc65ae1e1be22314732a4e43ae3eb9c9""],""started"":""2026-06-17T18:07:11.612780359Z""}"
pnpm add -g node-gyp,2026-06-17T18:07:11.854904359Z,info,"{""serviceId"":""ede4a3ba-6bc0-424f-802c-b3e2041b4048"",""deploymentId"":""34d4ca83-6f85-4127-aaa3-64563aac22f8"",""deploymentInstanceId"":null}","{""source"":""buildkit"",""type"":""vertex"",""started"":""2026-06-17T18:07:11.854738683Z"",""level"":""info"",""digest"":""sha256:14901622a0b13f5ec7d41a59948d8239c03bf167c0764d02b91572868f48ad75"",""inputs"":[""sha256:177c450b5bbcf6d70f3a9a6981724e648c5b629c267b774d31daac28fbab22ff"",""sha256:733955d90f0703b7439f6eef3b0c4635cc65ae1e1be22314732a4e43ae3eb9c9""]}"
"Progress: resolved 1, reused 0, downloaded 0, added 0
",2026-06-17T18:07:12.395398803Z,info,"{""serviceId"":""ede4a3ba-6bc0-424f-802c-b3e2041b4048"",""deploymentId"":""34d4ca83-6f85-4127-aaa3-64563aac22f8"",""deploymentInstanceId"":null}","{""source"":""buildkit"",""type"":""log"",""timestamp"":""2026-06-17T18:07:12.395398803Z"",""level"":""info"",""vertex"":""sha256:14901622a0b13f5ec7d41a59948d8239c03bf167c0764d02b91572868f48ad75"",""stream"":1,""data"":""UHJvZ3Jlc3M6IHJlc29sdmVkIDEsIHJldXNlZCAwLCBkb3dubG9hZGVkIDAsIGFkZGVkIDAK""}"
"Packages: +20
++++++++++++++++++++
",2026-06-17T18:07:12.591974101Z,info,"{""serviceId"":""ede4a3ba-6bc0-424f-802c-b3e2041b4048"",""deploymentId"":""34d4ca83-6f85-4127-aaa3-64563aac22f8"",""deploymentInstanceId"":null}","{""source"":""buildkit"",""type"":""log"",""timestamp"":""2026-06-17T18:07:12.591974101Z"",""level"":""info"",""vertex"":""sha256:14901622a0b13f5ec7d41a59948d8239c03bf167c0764d02b91572868f48ad75"",""stream"":1,""data"":""UGFja2FnZXM6ICsyMAorKysrKysrKysrKysrKysrKysrKwo=""}"
"Progress: resolved 20, reused 20, downloaded 0, added 20, done
",2026-06-17T18:07:12.92754765Z,info,"{""serviceId"":""ede4a3ba-6bc0-424f-802c-b3e2041b4048"",""deploymentId"":""34d4ca83-6f85-4127-aaa3-64563aac22f8"",""deploymentInstanceId"":null}","{""source"":""buildkit"",""type"":""log"",""timestamp"":""2026-06-17T18:07:12.92754765Z"",""level"":""info"",""vertex"":""sha256:14901622a0b13f5ec7d41a59948d8239c03bf167c0764d02b91572868f48ad75"",""stream"":1,""data"":""UHJvZ3Jlc3M6IHJlc29sdmVkIDIwLCByZXVzZWQgMjAsIGRvd25sb2FkZWQgMCwgYWRkZWQgMjAsIGRvbmUK""}"
"
/opt/pnpm/global/5:
+ node-gyp 13.0.0

",2026-06-17T18:07:12.977576917Z,info,"{""serviceId"":""ede4a3ba-6bc0-424f-802c-b3e2041b4048"",""deploymentId"":""34d4ca83-6f85-4127-aaa3-64563aac22f8"",""deploymentInstanceId"":null}","{""source"":""buildkit"",""type"":""log"",""timestamp"":""2026-06-17T18:07:12.977576917Z"",""level"":""info"",""vertex"":""sha256:14901622a0b13f5ec7d41a59948d8239c03bf167c0764d02b91572868f48ad75"",""stream"":1,""data"":""Ci9vcHQvcG5wbS9nbG9iYWwvNToKKyBub2RlLWd5cCAxMy4wLjAKCg==""}"
"Done in 857ms using pnpm v9.15.9
",2026-06-17T18:07:13.014815766Z,info,"{""serviceId"":""ede4a3ba-6bc0-424f-802c-b3e2041b4048"",""deploymentId"":""34d4ca83-6f85-4127-aaa3-64563aac22f8"",""deploymentInstanceId"":null}","{""source"":""buildkit"",""type"":""log"",""timestamp"":""2026-06-17T18:07:13.014815766Z"",""level"":""info"",""vertex"":""sha256:14901622a0b13f5ec7d41a59948d8239c03bf167c0764d02b91572868f48ad75"",""stream"":1,""data"":""RG9uZSBpbiA4NTdtcyB1c2luZyBwbnBtIHY5LjE1LjkK""}"
pnpm add -g node-gyp,2026-06-17T18:07:13.300146156Z,info,"{""serviceId"":""ede4a3ba-6bc0-424f-802c-b3e2041b4048"",""deploymentId"":""34d4ca83-6f85-4127-aaa3-64563aac22f8"",""deploymentInstanceId"":null}","{""source"":""buildkit"",""type"":""vertex"",""completed"":""2026-06-17T18:07:13.299937376Z"",""level"":""info"",""digest"":""sha256:14901622a0b13f5ec7d41a59948d8239c03bf167c0764d02b91572868f48ad75"",""inputs"":[""sha256:177c450b5bbcf6d70f3a9a6981724e648c5b629c267b774d31daac28fbab22ff"",""sha256:733955d90f0703b7439f6eef3b0c4635cc65ae1e1be22314732a4e43ae3eb9c9""],""started"":""2026-06-17T18:07:11.854738683Z""}"
pnpm install --frozen-lockfile --prefer-offline,2026-06-17T18:07:13.309538638Z,info,"{""serviceId"":""ede4a3ba-6bc0-424f-802c-b3e2041b4048"",""deploymentId"":""34d4ca83-6f85-4127-aaa3-64563aac22f8"",""deploymentInstanceId"":null}","{""source"":""buildkit"",""type"":""vertex"",""started"":""2026-06-17T18:07:13.3093325Z"",""level"":""info"",""digest"":""sha256:f30f0f5302e07488ba91c38b150343fb1c6c5afd4990d75691f7e65b529eda99"",""inputs"":[""sha256:14901622a0b13f5ec7d41a59948d8239c03bf167c0764d02b91572868f48ad75"",""sha256:733955d90f0703b7439f6eef3b0c4635cc65ae1e1be22314732a4e43ae3eb9c9""]}"
"Scope: all 10 workspace projects
",2026-06-17T18:07:13.680742024Z,info,"{""serviceId"":""ede4a3ba-6bc0-424f-802c-b3e2041b4048"",""deploymentId"":""34d4ca83-6f85-4127-aaa3-64563aac22f8"",""deploymentInstanceId"":null}","{""source"":""buildkit"",""type"":""log"",""timestamp"":""2026-06-17T18:07:13.680742024Z"",""level"":""info"",""vertex"":""sha256:f30f0f5302e07488ba91c38b150343fb1c6c5afd4990d75691f7e65b529eda99"",""stream"":1,""data"":""U2NvcGU6IGFsbCAxMCB3b3Jrc3BhY2UgcHJvamVjdHMK""}"
"Lockfile is up to date, resolution step is skipped
",2026-06-17T18:07:13.740071886Z,info,"{""serviceId"":""ede4a3ba-6bc0-424f-802c-b3e2041b4048"",""deploymentId"":""34d4ca83-6f85-4127-aaa3-64563aac22f8"",""deploymentInstanceId"":null}","{""source"":""buildkit"",""type"":""log"",""timestamp"":""2026-06-17T18:07:13.740071886Z"",""level"":""info"",""vertex"":""sha256:f30f0f5302e07488ba91c38b150343fb1c6c5afd4990d75691f7e65b529eda99"",""stream"":1,""data"":""TG9ja2ZpbGUgaXMgdXAgdG8gZGF0ZSwgcmVzb2x1dGlvbiBzdGVwIGlzIHNraXBwZWQK""}"
"Progress: resolved 1, reused 0, downloaded 0, added 0
",2026-06-17T18:07:13.794509733Z,info,"{""serviceId"":""ede4a3ba-6bc0-424f-802c-b3e2041b4048"",""deploymentId"":""34d4ca83-6f85-4127-aaa3-64563aac22f8"",""deploymentInstanceId"":null}","{""source"":""buildkit"",""type"":""log"",""timestamp"":""2026-06-17T18:07:13.794509733Z"",""level"":""info"",""vertex"":""sha256:f30f0f5302e07488ba91c38b150343fb1c6c5afd4990d75691f7e65b529eda99"",""stream"":1,""data"":""UHJvZ3Jlc3M6IHJlc29sdmVkIDEsIHJldXNlZCAwLCBkb3dubG9hZGVkIDAsIGFkZGVkIDAK""}"
"Packages: +486
++++++++++++++++++++++++++++++++++++++++++++++++++++++++++++++++++++++++++++++++
",2026-06-17T18:07:13.863234622Z,info,"{""serviceId"":""ede4a3ba-6bc0-424f-802c-b3e2041b4048"",""deploymentId"":""34d4ca83-6f85-4127-aaa3-64563aac22f8"",""deploymentInstanceId"":null}","{""source"":""buildkit"",""type"":""log"",""timestamp"":""2026-06-17T18:07:13.863234622Z"",""level"":""info"",""vertex"":""sha256:f30f0f5302e07488ba91c38b150343fb1c6c5afd4990d75691f7e65b529eda99"",""stream"":1,""data"":""UGFja2FnZXM6ICs0ODYKKysrKysrKysrKysrKysrKysrKysrKysrKysrKysrKysrKysrKysrKysrKysrKysrKysrKysrKysrKysrKysrKysrKysrKysrKysrKysrKysK""}"
"Progress: resolved 486, reused 486, downloaded 0, added 383
",2026-06-17T18:07:14.79536279Z,info,"{""serviceId"":""ede4a3ba-6bc0-424f-802c-b3e2041b4048"",""deploymentId"":""34d4ca83-6f85-4127-aaa3-64563aac22f8"",""deploymentInstanceId"":null}","{""source"":""buildkit"",""type"":""log"",""timestamp"":""2026-06-17T18:07:14.79536279Z"",""level"":""info"",""vertex"":""sha256:f30f0f5302e07488ba91c38b150343fb1c6c5afd4990d75691f7e65b529eda99"",""stream"":1,""data"":""UHJvZ3Jlc3M6IHJlc29sdmVkIDQ4NiwgcmV1c2VkIDQ4NiwgZG93bmxvYWRlZCAwLCBhZGRlZCAzODMK""}"
"Progress: resolved 486, reused 486, downloaded 0, added 480
",2026-06-17T18:07:15.796001956Z,info,"{""serviceId"":""ede4a3ba-6bc0-424f-802c-b3e2041b4048"",""deploymentId"":""34d4ca83-6f85-4127-aaa3-64563aac22f8"",""deploymentInstanceId"":null}","{""source"":""buildkit"",""type"":""log"",""timestamp"":""2026-06-17T18:07:15.796001956Z"",""level"":""info"",""vertex"":""sha256:f30f0f5302e07488ba91c38b150343fb1c6c5afd4990d75691f7e65b529eda99"",""stream"":1,""data"":""UHJvZ3Jlc3M6IHJlc29sdmVkIDQ4NiwgcmV1c2VkIDQ4NiwgZG93bmxvYWRlZCAwLCBhZGRlZCA0ODAK""}"
"Progress: resolved 486, reused 486, downloaded 0, added 481
",2026-06-17T18:07:16.796741045Z,info,"{""serviceId"":""ede4a3ba-6bc0-424f-802c-b3e2041b4048"",""deploymentId"":""34d4ca83-6f85-4127-aaa3-64563aac22f8"",""deploymentInstanceId"":null}","{""source"":""buildkit"",""type"":""log"",""timestamp"":""2026-06-17T18:07:16.796741045Z"",""level"":""info"",""vertex"":""sha256:f30f0f5302e07488ba91c38b150343fb1c6c5afd4990d75691f7e65b529eda99"",""stream"":1,""data"":""UHJvZ3Jlc3M6IHJlc29sdmVkIDQ4NiwgcmV1c2VkIDQ4NiwgZG93bmxvYWRlZCAwLCBhZGRlZCA0ODEK""}"
uploading snapshot,2026-06-17T18:07:17.196190093Z,info,"{""serviceId"":""ede4a3ba-6bc0-424f-802c-b3e2041b4048"",""deploymentId"":""34d4ca83-6f85-4127-aaa3-64563aac22f8"",""deploymentInstanceId"":null}","{""source"":""railway.progress"",""status"":""complete"",""size"":363349364,""duration_ms"":9753,""level"":""info""}"
"Progress: resolved 486, reused 486, downloaded 0, added 484
",2026-06-17T18:07:17.797495419Z,info,"{""serviceId"":""ede4a3ba-6bc0-424f-802c-b3e2041b4048"",""deploymentId"":""34d4ca83-6f85-4127-aaa3-64563aac22f8"",""deploymentInstanceId"":null}","{""source"":""buildkit"",""type"":""log"",""timestamp"":""2026-06-17T18:07:17.797495419Z"",""level"":""info"",""vertex"":""sha256:f30f0f5302e07488ba91c38b150343fb1c6c5afd4990d75691f7e65b529eda99"",""stream"":1,""data"":""UHJvZ3Jlc3M6IHJlc29sdmVkIDQ4NiwgcmV1c2VkIDQ4NiwgZG93bmxvYWRlZCAwLCBhZGRlZCA0ODQK""}"
"Progress: resolved 486, reused 486, downloaded 0, added 485
",2026-06-17T18:07:18.798062783Z,info,"{""serviceId"":""ede4a3ba-6bc0-424f-802c-b3e2041b4048"",""deploymentId"":""34d4ca83-6f85-4127-aaa3-64563aac22f8"",""deploymentInstanceId"":null}","{""source"":""buildkit"",""type"":""log"",""timestamp"":""2026-06-17T18:07:18.798062783Z"",""level"":""info"",""vertex"":""sha256:f30f0f5302e07488ba91c38b150343fb1c6c5afd4990d75691f7e65b529eda99"",""stream"":1,""data"":""UHJvZ3Jlc3M6IHJlc29sdmVkIDQ4NiwgcmV1c2VkIDQ4NiwgZG93bmxvYWRlZCAwLCBhZGRlZCA0ODUK""}"
"Progress: resolved 486, reused 486, downloaded 0, added 486, done
",2026-06-17T18:07:18.951108802Z,info,"{""serviceId"":""ede4a3ba-6bc0-424f-802c-b3e2041b4048"",""deploymentId"":""34d4ca83-6f85-4127-aaa3-64563aac22f8"",""deploymentInstanceId"":null}","{""source"":""buildkit"",""type"":""log"",""timestamp"":""2026-06-17T18:07:18.951108802Z"",""level"":""info"",""vertex"":""sha256:f30f0f5302e07488ba91c38b150343fb1c6c5afd4990d75691f7e65b529eda99"",""stream"":1,""data"":""UHJvZ3Jlc3M6IHJlc29sdmVkIDQ4NiwgcmV1c2VkIDQ4NiwgZG93bmxvYWRlZCAwLCBhZGRlZCA0ODYsIGRvbmUK""}"
"
devDependencies:
+ prettier 3.8.4
+ typescript 5.9.3

",2026-06-17T18:07:19.927867168Z,info,"{""serviceId"":""ede4a3ba-6bc0-424f-802c-b3e2041b4048"",""deploymentId"":""34d4ca83-6f85-4127-aaa3-64563aac22f8"",""deploymentInstanceId"":null}","{""source"":""buildkit"",""type"":""log"",""timestamp"":""2026-06-17T18:07:19.927867168Z"",""level"":""info"",""vertex"":""sha256:f30f0f5302e07488ba91c38b150343fb1c6c5afd4990d75691f7e65b529eda99"",""stream"":1,""data"":""CmRldkRlcGVuZGVuY2llczoKKyBwcmV0dGllciAzLjguNAorIHR5cGVzY3JpcHQgNS45LjMKCg==""}"
". preinstall$ sh -c 'rm -f package-lock.json yarn.lock; case ""$npm_config_user_agent"" in pnpm/*) ;; *) echo ""Use pnpm instead"" >&2; exit 1 ;; esac'
",2026-06-17T18:07:19.960438075Z,info,"{""serviceId"":""ede4a3ba-6bc0-424f-802c-b3e2041b4048"",""deploymentId"":""34d4ca83-6f85-4127-aaa3-64563aac22f8"",""deploymentInstanceId"":null}","{""source"":""buildkit"",""type"":""log"",""timestamp"":""2026-06-17T18:07:19.960438075Z"",""level"":""info"",""vertex"":""sha256:f30f0f5302e07488ba91c38b150343fb1c6c5afd4990d75691f7e65b529eda99"",""stream"":1,""data"":""LiBwcmVpbnN0YWxsJCBzaCAtYyAncm0gLWYgcGFja2FnZS1sb2NrLmpzb24geWFybi5sb2NrOyBjYXNlICIkbnBtX2NvbmZpZ191c2VyX2FnZW50IiBpbiBwbnBtLyopIDs7ICopIGVjaG8gIlVzZSBwbnBtIGluc3RlYWQiID4mMjsgZXhpdCAxIDs7IGVzYWMnCg==""}"
". preinstall: Done
",2026-06-17T18:07:19.978455867Z,info,"{""serviceId"":""ede4a3ba-6bc0-424f-802c-b3e2041b4048"",""deploymentId"":""34d4ca83-6f85-4127-aaa3-64563aac22f8"",""deploymentInstanceId"":null}","{""source"":""buildkit"",""type"":""log"",""timestamp"":""2026-06-17T18:07:19.978455867Z"",""level"":""info"",""vertex"":""sha256:f30f0f5302e07488ba91c38b150343fb1c6c5afd4990d75691f7e65b529eda99"",""stream"":1,""data"":""LiBwcmVpbnN0YWxsOiBEb25lCg==""}"
"Done in 6.5s using pnpm v9.15.9
",2026-06-17T18:07:20.170470564Z,info,"{""serviceId"":""ede4a3ba-6bc0-424f-802c-b3e2041b4048"",""deploymentId"":""34d4ca83-6f85-4127-aaa3-64563aac22f8"",""deploymentInstanceId"":null}","{""source"":""buildkit"",""type"":""log"",""timestamp"":""2026-06-17T18:07:20.170470564Z"",""level"":""info"",""vertex"":""sha256:f30f0f5302e07488ba91c38b150343fb1c6c5afd4990d75691f7e65b529eda99"",""stream"":1,""data"":""RG9uZSBpbiA2LjVzIHVzaW5nIHBucG0gdjkuMTUuOQo=""}"
pnpm install --frozen-lockfile --prefer-offline,2026-06-17T18:07:20.362855518Z,info,"{""serviceId"":""ede4a3ba-6bc0-424f-802c-b3e2041b4048"",""deploymentId"":""34d4ca83-6f85-4127-aaa3-64563aac22f8"",""deploymentInstanceId"":null}","{""source"":""buildkit"",""type"":""vertex"",""completed"":""2026-06-17T18:07:20.362637582Z"",""level"":""info"",""digest"":""sha256:f30f0f5302e07488ba91c38b150343fb1c6c5afd4990d75691f7e65b529eda99"",""inputs"":[""sha256:14901622a0b13f5ec7d41a59948d8239c03bf167c0764d02b91572868f48ad75"",""sha256:733955d90f0703b7439f6eef3b0c4635cc65ae1e1be22314732a4e43ae3eb9c9""],""started"":""2026-06-17T18:07:13.3093325Z""}"
copy / /app,2026-06-17T18:07:20.374531326Z,info,"{""serviceId"":""ede4a3ba-6bc0-424f-802c-b3e2041b4048"",""deploymentId"":""34d4ca83-6f85-4127-aaa3-64563aac22f8"",""deploymentInstanceId"":null}","{""source"":""buildkit"",""type"":""vertex"",""started"":""2026-06-17T18:07:20.374381927Z"",""level"":""info"",""digest"":""sha256:0cc1f7e9fd34c7838bb5d723526d88fcc72cbe8d3fea31557e1731713531795a"",""inputs"":[""sha256:f30f0f5302e07488ba91c38b150343fb1c6c5afd4990d75691f7e65b529eda99"",""sha256:bd377a5a8f3d250d717afe2f4791ea87f025403c4609b55ee01f5e85351e69ae""]}"
copy / /app,2026-06-17T18:07:21.473179322Z,info,"{""serviceId"":""ede4a3ba-6bc0-424f-802c-b3e2041b4048"",""deploymentId"":""34d4ca83-6f85-4127-aaa3-64563aac22f8"",""deploymentInstanceId"":null}","{""source"":""buildkit"",""type"":""vertex"",""completed"":""2026-06-17T18:07:21.47296518Z"",""level"":""info"",""digest"":""sha256:0cc1f7e9fd34c7838bb5d723526d88fcc72cbe8d3fea31557e1731713531795a"",""inputs"":[""sha256:f30f0f5302e07488ba91c38b150343fb1c6c5afd4990d75691f7e65b529eda99"",""sha256:bd377a5a8f3d250d717afe2f4791ea87f025403c4609b55ee01f5e85351e69ae""],""started"":""2026-06-17T18:07:20.374381927Z""}"
copy .,2026-06-17T18:07:21.487363285Z,info,"{""serviceId"":""ede4a3ba-6bc0-424f-802c-b3e2041b4048"",""deploymentId"":""34d4ca83-6f85-4127-aaa3-64563aac22f8"",""deploymentInstanceId"":null}","{""source"":""buildkit"",""type"":""vertex"",""started"":""2026-06-17T18:07:21.487216783Z"",""level"":""info"",""digest"":""sha256:54cbb610c8d51af4ef6f88fadbefb4d29dd4215d498a5570485da7689f4f7a54"",""inputs"":[""sha256:0cc1f7e9fd34c7838bb5d723526d88fcc72cbe8d3fea31557e1731713531795a"",""sha256:bd377a5a8f3d250d717afe2f4791ea87f025403c4609b55ee01f5e85351e69ae""]}"
copy .,2026-06-17T18:07:22.322865471Z,info,"{""serviceId"":""ede4a3ba-6bc0-424f-802c-b3e2041b4048"",""deploymentId"":""34d4ca83-6f85-4127-aaa3-64563aac22f8"",""deploymentInstanceId"":null}","{""source"":""buildkit"",""type"":""vertex"",""completed"":""2026-06-17T18:07:22.322691851Z"",""level"":""info"",""digest"":""sha256:54cbb610c8d51af4ef6f88fadbefb4d29dd4215d498a5570485da7689f4f7a54"",""inputs"":[""sha256:0cc1f7e9fd34c7838bb5d723526d88fcc72cbe8d3fea31557e1731713531795a"",""sha256:bd377a5a8f3d250d717afe2f4791ea87f025403c4609b55ee01f5e85351e69ae""],""started"":""2026-06-17T18:07:21.487216783Z""}"
pnpm install --no-frozen-lockfile && BASE_PATH=/ pnpm --filter @workspace/pilimpiku run build && pnpm --filter @workspace/api-server run build:prod,2026-06-17T18:07:22.337169192Z,info,"{""serviceId"":""ede4a3ba-6bc0-424f-802c-b3e2041b4048"",""deploymentId"":""34d4ca83-6f85-4127-aaa3-64563aac22f8"",""deploymentInstanceId"":null}","{""source"":""buildkit"",""type"":""vertex"",""started"":""2026-06-17T18:07:22.336941341Z"",""level"":""info"",""digest"":""sha256:e07e1de395f3554ea75b97c485b7f7c18c6a84e548c96af34a1524c03c08864c"",""inputs"":[""sha256:54cbb610c8d51af4ef6f88fadbefb4d29dd4215d498a5570485da7689f4f7a54"",""sha256:a21289025bad13dac519029a81f6271f5c0ced81b7e73e6f1fe525840e4f230d""]}"
"Scope: all 10 workspace projects
",2026-06-17T18:07:22.78999498Z,info,"{""serviceId"":""ede4a3ba-6bc0-424f-802c-b3e2041b4048"",""deploymentId"":""34d4ca83-6f85-4127-aaa3-64563aac22f8"",""deploymentInstanceId"":null}","{""source"":""buildkit"",""type"":""log"",""timestamp"":""2026-06-17T18:07:22.78999498Z"",""level"":""info"",""vertex"":""sha256:e07e1de395f3554ea75b97c485b7f7c18c6a84e548c96af34a1524c03c08864c"",""stream"":1,""data"":""U2NvcGU6IGFsbCAxMCB3b3Jrc3BhY2UgcHJvamVjdHMK""}"
"Lockfile is up to date, resolution step is skipped
",2026-06-17T18:07:22.850376152Z,info,"{""serviceId"":""ede4a3ba-6bc0-424f-802c-b3e2041b4048"",""deploymentId"":""34d4ca83-6f85-4127-aaa3-64563aac22f8"",""deploymentInstanceId"":null}","{""source"":""buildkit"",""type"":""log"",""timestamp"":""2026-06-17T18:07:22.850376152Z"",""level"":""info"",""vertex"":""sha256:e07e1de395f3554ea75b97c485b7f7c18c6a84e548c96af34a1524c03c08864c"",""stream"":1,""data"":""TG9ja2ZpbGUgaXMgdXAgdG8gZGF0ZSwgcmVzb2x1dGlvbiBzdGVwIGlzIHNraXBwZWQK""}"
"Already up to date
",2026-06-17T18:07:22.902702864Z,info,"{""serviceId"":""ede4a3ba-6bc0-424f-802c-b3e2041b4048"",""deploymentId"":""34d4ca83-6f85-4127-aaa3-64563aac22f8"",""deploymentInstanceId"":null}","{""source"":""buildkit"",""type"":""log"",""timestamp"":""2026-06-17T18:07:22.902702864Z"",""level"":""info"",""vertex"":""sha256:e07e1de395f3554ea75b97c485b7f7c18c6a84e548c96af34a1524c03c08864c"",""stream"":1,""data"":""QWxyZWFkeSB1cCB0byBkYXRlCg==""}"
,2026-06-17T18:07:24.145526473Z,info,"{""serviceId"":""ede4a3ba-6bc0-424f-802c-b3e2041b4048"",""deploymentId"":""34d4ca83-6f85-4127-aaa3-64563aac22f8"",""deploymentInstanceId"":null}","{""source"":""buildkit"",""type"":""log"",""timestamp"":""2026-06-17T18:07:24.145526473Z"",""level"":""info"",""vertex"":""sha256:e07e1de395f3554ea75b97c485b7f7c18c6a84e548c96af34a1524c03c08864c"",""stream"":1,""data"":""Cg==""}"
". preinstall$ sh -c 'rm -f package-lock.json yarn.lock; case ""$npm_config_user_agent"" in pnpm/*) ;; *) echo ""Use pnpm instead"" >&2; exit 1 ;; esac'
",2026-06-17T18:07:24.182833639Z,info,"{""serviceId"":""ede4a3ba-6bc0-424f-802c-b3e2041b4048"",""deploymentId"":""34d4ca83-6f85-4127-aaa3-64563aac22f8"",""deploymentInstanceId"":null}","{""source"":""buildkit"",""type"":""log"",""timestamp"":""2026-06-17T18:07:24.182833639Z"",""level"":""info"",""vertex"":""sha256:e07e1de395f3554ea75b97c485b7f7c18c6a84e548c96af34a1524c03c08864c"",""stream"":1,""data"":""LiBwcmVpbnN0YWxsJCBzaCAtYyAncm0gLWYgcGFja2FnZS1sb2NrLmpzb24geWFybi5sb2NrOyBjYXNlICIkbnBtX2NvbmZpZ191c2VyX2FnZW50IiBpbiBwbnBtLyopIDs7ICopIGVjaG8gIlVzZSBwbnBtIGluc3RlYWQiID4mMjsgZXhpdCAxIDs7IGVzYWMnCg==""}"
". preinstall: Done
",2026-06-17T18:07:24.191387165Z,info,"{""serviceId"":""ede4a3ba-6bc0-424f-802c-b3e2041b4048"",""deploymentId"":""34d4ca83-6f85-4127-aaa3-64563aac22f8"",""deploymentInstanceId"":null}","{""source"":""buildkit"",""type"":""log"",""timestamp"":""2026-06-17T18:07:24.191387165Z"",""level"":""info"",""vertex"":""sha256:e07e1de395f3554ea75b97c485b7f7c18c6a84e548c96af34a1524c03c08864c"",""stream"":1,""data"":""LiBwcmVpbnN0YWxsOiBEb25lCg==""}"
"Done in 1.6s using pnpm v9.15.9
",2026-06-17T18:07:24.325907955Z,info,"{""serviceId"":""ede4a3ba-6bc0-424f-802c-b3e2041b4048"",""deploymentId"":""34d4ca83-6f85-4127-aaa3-64563aac22f8"",""deploymentInstanceId"":null}","{""source"":""buildkit"",""type"":""log"",""timestamp"":""2026-06-17T18:07:24.325907955Z"",""level"":""info"",""vertex"":""sha256:e07e1de395f3554ea75b97c485b7f7c18c6a84e548c96af34a1524c03c08864c"",""stream"":1,""data"":""RG9uZSBpbiAxLjZzIHVzaW5nIHBucG0gdjkuMTUuOQo=""}"
"
> @workspace/pilimpiku@0.0.0 build /app/artifacts/pilimpiku
> vite build --config vite.config.ts

",2026-06-17T18:07:24.539428287Z,info,"{""serviceId"":""ede4a3ba-6bc0-424f-802c-b3e2041b4048"",""deploymentId"":""34d4ca83-6f85-4127-aaa3-64563aac22f8"",""deploymentInstanceId"":null}","{""source"":""buildkit"",""type"":""log"",""timestamp"":""2026-06-17T18:07:24.539428287Z"",""level"":""info"",""vertex"":""sha256:e07e1de395f3554ea75b97c485b7f7c18c6a84e548c96af34a1524c03c08864c"",""stream"":1,""data"":""Cj4gQHdvcmtzcGFjZS9waWxpbXBpa3VAMC4wLjAgYnVpbGQgL2FwcC9hcnRpZmFjdHMvcGlsaW1waWt1Cj4gdml0ZSBidWlsZCAtLWNvbmZpZyB2aXRlLmNvbmZpZy50cwoK""}"
"[36mvite v7.3.5 [32mbuilding client environment for production...[36m[39m
",2026-06-17T18:07:25.045069307Z,info,"{""serviceId"":""ede4a3ba-6bc0-424f-802c-b3e2041b4048"",""deploymentId"":""34d4ca83-6f85-4127-aaa3-64563aac22f8"",""deploymentInstanceId"":null}","{""source"":""buildkit"",""type"":""log"",""timestamp"":""2026-06-17T18:07:25.045069307Z"",""level"":""info"",""vertex"":""sha256:e07e1de395f3554ea75b97c485b7f7c18c6a84e548c96af34a1524c03c08864c"",""stream"":1,""data"":""G1szNm12aXRlIHY3LjMuNSAbWzMybWJ1aWxkaW5nIGNsaWVudCBlbnZpcm9ubWVudCBmb3IgcHJvZHVjdGlvbi4uLhtbMzZtG1szOW0K""}"
"transforming...
",2026-06-17T18:07:25.108524718Z,info,"{""serviceId"":""ede4a3ba-6bc0-424f-802c-b3e2041b4048"",""deploymentId"":""34d4ca83-6f85-4127-aaa3-64563aac22f8"",""deploymentInstanceId"":null}","{""source"":""buildkit"",""type"":""log"",""timestamp"":""2026-06-17T18:07:25.108524718Z"",""level"":""info"",""vertex"":""sha256:e07e1de395f3554ea75b97c485b7f7c18c6a84e548c96af34a1524c03c08864c"",""stream"":1,""data"":""dHJhbnNmb3JtaW5nLi4uCg==""}"
"[33msrc/components/ui/tooltip.tsx (2:0): Error when using sourcemap for reporting an error: Can't resolve original location of error.[39m
",2026-06-17T18:07:25.705801717Z,info,"{""serviceId"":""ede4a3ba-6bc0-424f-802c-b3e2041b4048"",""deploymentId"":""34d4ca83-6f85-4127-aaa3-64563aac22f8"",""deploymentInstanceId"":null}","{""source"":""buildkit"",""type"":""log"",""timestamp"":""2026-06-17T18:07:25.705801717Z"",""level"":""info"",""vertex"":""sha256:e07e1de395f3554ea75b97c485b7f7c18c6a84e548c96af34a1524c03c08864c"",""stream"":2,""data"":""G1szM21zcmMvY29tcG9uZW50cy91aS90b29sdGlwLnRzeCAoMjowKTogRXJyb3Igd2hlbiB1c2luZyBzb3VyY2VtYXAgZm9yIHJlcG9ydGluZyBhbiBlcnJvcjogQ2FuJ3QgcmVzb2x2ZSBvcmlnaW5hbCBsb2NhdGlvbiBvZiBlcnJvci4bWzM5bQo=""}"
"[33msrc/components/ui/select.tsx (2:0): Error when using sourcemap for reporting an error: Can't resolve original location of error.[39m
",2026-06-17T18:07:26.466450581Z,info,"{""serviceId"":""ede4a3ba-6bc0-424f-802c-b3e2041b4048"",""deploymentId"":""34d4ca83-6f85-4127-aaa3-64563aac22f8"",""deploymentInstanceId"":null}","{""source"":""buildkit"",""type"":""log"",""timestamp"":""2026-06-17T18:07:26.466450581Z"",""level"":""info"",""vertex"":""sha256:e07e1de395f3554ea75b97c485b7f7c18c6a84e548c96af34a1524c03c08864c"",""stream"":2,""data"":""G1szM21zcmMvY29tcG9uZW50cy91aS9zZWxlY3QudHN4ICgyOjApOiBFcnJvciB3aGVuIHVzaW5nIHNvdXJjZW1hcCBmb3IgcmVwb3J0aW5nIGFuIGVycm9yOiBDYW4ndCByZXNvbHZlIG9yaWdpbmFsIGxvY2F0aW9uIG9mIGVycm9yLhtbMzltCg==""}"
"[33msrc/components/ui/label.tsx (2:0): Error when using sourcemap for reporting an error: Can't resolve original location of error.[39m
",2026-06-17T18:07:27.33451209Z,info,"{""serviceId"":""ede4a3ba-6bc0-424f-802c-b3e2041b4048"",""deploymentId"":""34d4ca83-6f85-4127-aaa3-64563aac22f8"",""deploymentInstanceId"":null}","{""source"":""buildkit"",""type"":""log"",""timestamp"":""2026-06-17T18:07:27.33451209Z"",""level"":""info"",""vertex"":""sha256:e07e1de395f3554ea75b97c485b7f7c18c6a84e548c96af34a1524c03c08864c"",""stream"":2,""data"":""G1szM21zcmMvY29tcG9uZW50cy91aS9sYWJlbC50c3ggKDI6MCk6IEVycm9yIHdoZW4gdXNpbmcgc291cmNlbWFwIGZvciByZXBvcnRpbmcgYW4gZXJyb3I6IENhbid0IHJlc29sdmUgb3JpZ2luYWwgbG9jYXRpb24gb2YgZXJyb3IuG1szOW0K""}"
"[32m✓[39m 2264 modules transformed.
",2026-06-17T18:07:28.890451104Z,info,"{""serviceId"":""ede4a3ba-6bc0-424f-802c-b3e2041b4048"",""deploymentId"":""34d4ca83-6f85-4127-aaa3-64563aac22f8"",""deploymentInstanceId"":null}","{""source"":""buildkit"",""type"":""log"",""timestamp"":""2026-06-17T18:07:28.890451104Z"",""level"":""info"",""vertex"":""sha256:e07e1de395f3554ea75b97c485b7f7c18c6a84e548c96af34a1524c03c08864c"",""stream"":1,""data"":""G1szMm3inJMbWzM5bSAyMjY0IG1vZHVsZXMgdHJhbnNmb3JtZWQuCg==""}"
"rendering chunks...
",2026-06-17T18:07:29.896504651Z,info,"{""serviceId"":""ede4a3ba-6bc0-424f-802c-b3e2041b4048"",""deploymentId"":""34d4ca83-6f85-4127-aaa3-64563aac22f8"",""deploymentInstanceId"":null}","{""source"":""buildkit"",""type"":""log"",""timestamp"":""2026-06-17T18:07:29.896504651Z"",""level"":""info"",""vertex"":""sha256:e07e1de395f3554ea75b97c485b7f7c18c6a84e548c96af34a1524c03c08864c"",""stream"":1,""data"":""cmVuZGVyaW5nIGNodW5rcy4uLgo=""}"
"computing gzip size...
",2026-06-17T18:07:29.916828463Z,info,"{""serviceId"":""ede4a3ba-6bc0-424f-802c-b3e2041b4048"",""deploymentId"":""34d4ca83-6f85-4127-aaa3-64563aac22f8"",""deploymentInstanceId"":null}","{""source"":""buildkit"",""type"":""log"",""timestamp"":""2026-06-17T18:07:29.916828463Z"",""level"":""info"",""vertex"":""sha256:e07e1de395f3554ea75b97c485b7f7c18c6a84e548c96af34a1524c03c08864c"",""stream"":1,""data"":""Y29tcHV0aW5nIGd6aXAgc2l6ZS4uLgo=""}"
"[2mdist/public/[22m[32mindex.html                                                        [39m[1m[2m    0.74 kB[22m[1m[22m[2m │ gzip:   0.42 kB[22m
[2mdist/public/[22m[2massets/[22m[32minter-vietnamese-400-normal-DMkecbls.woff2                 [39m[1m[2m    4.97 kB[22m[1m[22m
",2026-06-17T18:07:29.962820259Z,info,"{""serviceId"":""ede4a3ba-6bc0-424f-802c-b3e2041b4048"",""deploymentId"":""34d4ca83-6f85-4127-aaa3-64563aac22f8"",""deploymentInstanceId"":null}","{""source"":""buildkit"",""type"":""log"",""timestamp"":""2026-06-17T18:07:29.962820259Z"",""level"":""info"",""vertex"":""sha256:e07e1de395f3554ea75b97c485b7f7c18c6a84e548c96af34a1524c03c08864c"",""stream"":1,""data"":""G1sybWRpc3QvcHVibGljLxtbMjJtG1szMm1pbmRleC5odG1sICAgICAgICAgICAgICAgICAgICAgICAgICAgICAgICAgICAgICAgICAgICAgICAgICAgICAgICAbWzM5bRtbMW0bWzJtICAgIDAuNzQga0IbWzIybRtbMW0bWzIybRtbMm0g4pSCIGd6aXA6ICAgMC40MiBrQhtbMjJtChtbMm1kaXN0L3B1YmxpYy8bWzIybRtbMm1hc3NldHMvG1syMm0bWzMybWludGVyLXZpZXRuYW1lc2UtNDAwLW5vcm1hbC1ETWtlY2Jscy53b2ZmMiAgICAgICAgICAgICAgICAgG1szOW0bWzFtG1sybSAgICA0Ljk3IGtCG1syMm0bWzFtG1syMm0K""}"
"[2mdist/public/[22m[2massets/[22m[32minter-vietnamese-300-normal-Bdr24Bqb.woff2                 [39m[1m[2m    5.06 kB[22m[1m[22m
[2mdist/public/[22m[2massets/[22m[32minter-greek-ext-400-normal-DGGRlc-M.woff2                  [39m[1m[2m    5.26 kB[22m[1m[22m
[2mdist/public/[22m[2massets/[22m[32minter-greek-ext-300-normal-l2DDyC6M.woff2                  [39m[1m[2m    5.35 kB[22m[1m[22m
",2026-06-17T18:07:29.962881921Z,info,"{""serviceId"":""ede4a3ba-6bc0-424f-802c-b3e2041b4048"",""deploymentId"":""34d4ca83-6f85-4127-aaa3-64563aac22f8"",""deploymentInstanceId"":null}","{""source"":""buildkit"",""type"":""log"",""timestamp"":""2026-06-17T18:07:29.962881921Z"",""level"":""info"",""vertex"":""sha256:e07e1de395f3554ea75b97c485b7f7c18c6a84e548c96af34a1524c03c08864c"",""stream"":1,""data"":""G1sybWRpc3QvcHVibGljLxtbMjJtG1sybWFzc2V0cy8bWzIybRtbMzJtaW50ZXItdmlldG5hbWVzZS0zMDAtbm9ybWFsLUJkcjI0QnFiLndvZmYyICAgICAgICAgICAgICAgICAbWzM5bRtbMW0bWzJtICAgIDUuMDYga0IbWzIybRtbMW0bWzIybQobWzJtZGlzdC9wdWJsaWMvG1syMm0bWzJtYXNzZXRzLxtbMjJtG1szMm1pbnRlci1ncmVlay1leHQtNDAwLW5vcm1hbC1ER0dSbGMtTS53b2ZmMiAgICAgICAgICAgICAgICAgIBtbMzltG1sxbRtbMm0gICAgNS4yNiBrQhtbMjJtG1sxbRtbMjJtChtbMm1kaXN0L3B1YmxpYy8bWzIybRtbMm1hc3NldHMvG1syMm0bWzMybWludGVyLWdyZWVrLWV4dC0zMDAtbm9ybWFsLWwyRER5QzZNLndvZmYyICAgICAgICAgICAgICAgICAgG1szOW0bWzFtG1sybSAgICA1LjM1IGtCG1syMm0bWzFtG1syMm0K""}"
"[2mdist/public/[22m[2massets/[22m[32mcormorant-garamond-vietnamese-700-normal--OtHbi1I.woff2    [39m[1m[2m    6.23 kB[22m[1m[22m
",2026-06-17T18:07:29.962891672Z,info,"{""serviceId"":""ede4a3ba-6bc0-424f-802c-b3e2041b4048"",""deploymentId"":""34d4ca83-6f85-4127-aaa3-64563aac22f8"",""deploymentInstanceId"":null}","{""source"":""buildkit"",""type"":""log"",""timestamp"":""2026-06-17T18:07:29.962891672Z"",""level"":""info"",""vertex"":""sha256:e07e1de395f3554ea75b97c485b7f7c18c6a84e548c96af34a1524c03c08864c"",""stream"":1,""data"":""G1sybWRpc3QvcHVibGljLxtbMjJtG1sybWFzc2V0cy8bWzIybRtbMzJtY29ybW9yYW50LWdhcmFtb25kLXZpZXRuYW1lc2UtNzAwLW5vcm1hbC0tT3RIYmkxSS53b2ZmMiAgICAbWzM5bRtbMW0bWzJtICAgIDYuMjMga0IbWzIybRtbMW0bWzIybQo=""}"
"[2mdist/public/[22m[2massets/[22m[32minter-vietnamese-400-normal-Bbgyi5SW.woff                  [39m[1m[2m    6.50 kB[22m[1m[22m
",2026-06-17T18:07:29.962896419Z,info,"{""serviceId"":""ede4a3ba-6bc0-424f-802c-b3e2041b4048"",""deploymentId"":""34d4ca83-6f85-4127-aaa3-64563aac22f8"",""deploymentInstanceId"":null}","{""source"":""buildkit"",""type"":""log"",""timestamp"":""2026-06-17T18:07:29.962896419Z"",""level"":""info"",""vertex"":""sha256:e07e1de395f3554ea75b97c485b7f7c18c6a84e548c96af34a1524c03c08864c"",""stream"":1,""data"":""G1sybWRpc3QvcHVibGljLxtbMjJtG1sybWFzc2V0cy8bWzIybRtbMzJtaW50ZXItdmlldG5hbWVzZS00MDAtbm9ybWFsLUJiZ3lpNVNXLndvZmYgICAgICAgICAgICAgICAgICAbWzM5bRtbMW0bWzJtICAgIDYuNTAga0IbWzIybRtbMW0bWzIybQo=""}"
"[2mdist/public/[22m[2massets/[22m[32minter-vietnamese-300-normal-DDGmYYdT.woff                  [39m[1m[2m    6.59 kB[22m[1m[22m
",2026-06-17T18:07:29.96295433Z,info,"{""serviceId"":""ede4a3ba-6bc0-424f-802c-b3e2041b4048"",""deploymentId"":""34d4ca83-6f85-4127-aaa3-64563aac22f8"",""deploymentInstanceId"":null}","{""source"":""buildkit"",""type"":""log"",""timestamp"":""2026-06-17T18:07:29.96295433Z"",""level"":""info"",""vertex"":""sha256:e07e1de395f3554ea75b97c485b7f7c18c6a84e548c96af34a1524c03c08864c"",""stream"":1,""data"":""G1sybWRpc3QvcHVibGljLxtbMjJtG1sybWFzc2V0cy8bWzIybRtbMzJtaW50ZXItdmlldG5hbWVzZS0zMDAtbm9ybWFsLURER21ZWWRULndvZmYgICAgICAgICAgICAgICAgICAbWzM5bRtbMW0bWzJtICAgIDYuNTkga0IbWzIybRtbMW0bWzIybQo=""}"
"[2mdist/public/[22m[2massets/[22m[32mcormorant-garamond-vietnamese-400-normal-6K-YXo6g.woff2    [39m[1m[2m    6.74 kB[22m[1m[22m
[2mdist/public/[22m[2massets/[22m[32mcormorant-garamond-vietnamese-400-italic-BoXDRTEW.woff2    [39m[1m[2m    6.76 kB[22m[1m[22m
",2026-06-17T18:07:29.96300269Z,info,"{""serviceId"":""ede4a3ba-6bc0-424f-802c-b3e2041b4048"",""deploymentId"":""34d4ca83-6f85-4127-aaa3-64563aac22f8"",""deploymentInstanceId"":null}","{""source"":""buildkit"",""type"":""log"",""timestamp"":""2026-06-17T18:07:29.96300269Z"",""level"":""info"",""vertex"":""sha256:e07e1de395f3554ea75b97c485b7f7c18c6a84e548c96af34a1524c03c08864c"",""stream"":1,""data"":""G1sybWRpc3QvcHVibGljLxtbMjJtG1sybWFzc2V0cy8bWzIybRtbMzJtY29ybW9yYW50LWdhcmFtb25kLXZpZXRuYW1lc2UtNDAwLW5vcm1hbC02Sy1ZWG82Zy53b2ZmMiAgICAbWzM5bRtbMW0bWzJtICAgIDYuNzQga0IbWzIybRtbMW0bWzIybQobWzJtZGlzdC9wdWJsaWMvG1syMm0bWzJtYXNzZXRzLxtbMjJtG1szMm1jb3Jtb3JhbnQtZ2FyYW1vbmQtdmlldG5hbWVzZS00MDAtaXRhbGljLUJvWERSVEVXLndvZmYyICAgIBtbMzltG1sxbRtbMm0gICAgNi43NiBrQhtbMjJtG1sxbRtbMjJtCg==""}"
"[2mdist/public/[22m[2massets/[22m[32minter-greek-ext-400-normal-KugGGMne.woff                   [39m[1m[2m    7.06 kB[22m[1m[22m
",2026-06-17T18:07:29.963023897Z,info,"{""serviceId"":""ede4a3ba-6bc0-424f-802c-b3e2041b4048"",""deploymentId"":""34d4ca83-6f85-4127-aaa3-64563aac22f8"",""deploymentInstanceId"":null}","{""source"":""buildkit"",""type"":""log"",""timestamp"":""2026-06-17T18:07:29.963023897Z"",""level"":""info"",""vertex"":""sha256:e07e1de395f3554ea75b97c485b7f7c18c6a84e548c96af34a1524c03c08864c"",""stream"":1,""data"":""G1sybWRpc3QvcHVibGljLxtbMjJtG1sybWFzc2V0cy8bWzIybRtbMzJtaW50ZXItZ3JlZWstZXh0LTQwMC1ub3JtYWwtS3VnR0dNbmUud29mZiAgICAgICAgICAgICAgICAgICAbWzM5bRtbMW0bWzJtICAgIDcuMDYga0IbWzIybRtbMW0bWzIybQo=""}"
"[2mdist/public/[22m[2massets/[22m[32minter-greek-ext-300-normal-DLbbeei1.woff                   [39m[1m[2m    7.13 kB[22m[1m[22m
",2026-06-17T18:07:29.963044631Z,info,"{""serviceId"":""ede4a3ba-6bc0-424f-802c-b3e2041b4048"",""deploymentId"":""34d4ca83-6f85-4127-aaa3-64563aac22f8"",""deploymentInstanceId"":null}","{""source"":""buildkit"",""type"":""log"",""timestamp"":""2026-06-17T18:07:29.963044631Z"",""level"":""info"",""vertex"":""sha256:e07e1de395f3554ea75b97c485b7f7c18c6a84e548c96af34a1524c03c08864c"",""stream"":1,""data"":""G1sybWRpc3QvcHVibGljLxtbMjJtG1sybWFzc2V0cy8bWzIybRtbMzJtaW50ZXItZ3JlZWstZXh0LTMwMC1ub3JtYWwtRExiYmVlaTEud29mZiAgICAgICAgICAgICAgICAgICAbWzM5bRtbMW0bWzJtICAgIDcuMTMga0IbWzIybRtbMW0bWzIybQo=""}"
"[2mdist/public/[22m[2massets/[22m[32minter-cyrillic-400-normal-obahsSVq.woff2                   [39m[1m[2m    7.71 kB[22m[1m[22m
[2mdist/public/[22m[2massets/[22m[32minter-greek-400-normal-B4URO6DV.woff2                      [39m[1m[2m    7.78 kB[22m[1m[22m
",2026-06-17T18:07:29.963056052Z,info,"{""serviceId"":""ede4a3ba-6bc0-424f-802c-b3e2041b4048"",""deploymentId"":""34d4ca83-6f85-4127-aaa3-64563aac22f8"",""deploymentInstanceId"":null}","{""source"":""buildkit"",""type"":""log"",""timestamp"":""2026-06-17T18:07:29.963056052Z"",""level"":""info"",""vertex"":""sha256:e07e1de395f3554ea75b97c485b7f7c18c6a84e548c96af34a1524c03c08864c"",""stream"":1,""data"":""G1sybWRpc3QvcHVibGljLxtbMjJtG1sybWFzc2V0cy8bWzIybRtbMzJtaW50ZXItY3lyaWxsaWMtNDAwLW5vcm1hbC1vYmFoc1NWcS53b2ZmMiAgICAgICAgICAgICAgICAgICAbWzM5bRtbMW0bWzJtICAgIDcuNzEga0IbWzIybRtbMW0bWzIybQobWzJtZGlzdC9wdWJsaWMvG1syMm0bWzJtYXNzZXRzLxtbMjJtG1szMm1pbnRlci1ncmVlay00MDAtbm9ybWFsLUI0VVJPNkRWLndvZmYyICAgICAgICAgICAgICAgICAgICAgIBtbMzltG1sxbRtbMm0gICAgNy43OCBrQhtbMjJtG1sxbRtbMjJtCg==""}"
"[2mdist/public/[22m[2massets/[22m[32minter-cyrillic-300-normal-BnqRxXuy.woff2                   [39m[1m[2m    7.81 kB[22m[1m[22m
[2mdist/public/[22m[2massets/[22m[32minter-greek-300-normal-DmGD3g_f.woff2                      [39m[1m[2m    8.00 kB[22m[1m[22m
[2mdist/public/[22m[2massets/[22m[32mcormorant-garamond-vietnamese-700-normal-GOTdnRS1.woff     [39m[1m[2m    8.87 kB[22m[1m[22m
[2mdist/public/[22m[2massets/[22m[32mcormorant-garamond-vietnamese-400-normal-4uxlocMh.woff     [39m[1m[2m    9.32 kB[22m[1m[22m
[2mdist/public/[22m[2massets/[22m[32mcormorant-garamond-vietnamese-400-italic-CJpMwFnN.woff     [39m[1m[2m    9.41 kB[22m[1m[22m
",2026-06-17T18:07:29.963120474Z,info,"{""serviceId"":""ede4a3ba-6bc0-424f-802c-b3e2041b4048"",""deploymentId"":""34d4ca83-6f85-4127-aaa3-64563aac22f8"",""deploymentInstanceId"":null}","{""source"":""buildkit"",""type"":""log"",""timestamp"":""2026-06-17T18:07:29.963120474Z"",""level"":""info"",""vertex"":""sha256:e07e1de395f3554ea75b97c485b7f7c18c6a84e548c96af34a1524c03c08864c"",""stream"":1,""data"":""G1sybWRpc3QvcHVibGljLxtbMjJtG1sybWFzc2V0cy8bWzIybRtbMzJtaW50ZXItY3lyaWxsaWMtMzAwLW5vcm1hbC1CbnFSeFh1eS53b2ZmMiAgICAgICAgICAgICAgICAgICAbWzM5bRtbMW0bWzJtICAgIDcuODEga0IbWzIybRtbMW0bWzIybQobWzJtZGlzdC9wdWJsaWMvG1syMm0bWzJtYXNzZXRzLxtbMjJtG1szMm1pbnRlci1ncmVlay0zMDAtbm9ybWFsLURtR0QzZ19mLndvZmYyICAgICAgICAgICAgICAgICAgICAgIBtbMzltG1sxbRtbMm0gICAgOC4wMCBrQhtbMjJtG1sxbRtbMjJtChtbMm1kaXN0L3B1YmxpYy8bWzIybRtbMm1hc3NldHMvG1syMm0bWzMybWNvcm1vcmFudC1nYXJhbW9uZC12aWV0bmFtZXNlLTcwMC1ub3JtYWwtR09UZG5SUzEud29mZiAgICAgG1szOW0bWzFtG1sybSAgICA4Ljg3IGtCG1syMm0bWzFtG1syMm0KG1sybWRpc3QvcHVibGljLxtbMjJtG1sybWFzc2V0cy8bWzIybRtbMzJtY29ybW9yYW50LWdhcmFtb25kLXZpZXRuYW1lc2UtNDAwLW5vcm1hbC00dXhsb2NNaC53b2ZmICAgICAbWzM5bRtbMW0bWzJtICAgIDkuMzIga0IbWzIybRtbMW0bWzIybQobWzJtZGlzdC9wdWJsaWMvG1syMm0bWzJtYXNzZXRzLxtbMjJtG1szMm1jb3Jtb3JhbnQtZ2FyYW1vbmQtdmlldG5hbWVzZS00MDAtaXRhbGljLUNKcE13Rm5OLndvZmYgICAgIBtbMzltG1sxbRtbMm0gICAgOS40MSBrQhtbMjJtG1sxbRtbMjJtCg==""}"
"[2mdist/public/[22m[2massets/[22m[32minter-cyrillic-400-normal-HOLc17fK.woff                    [39m[1m[2m    9.78 kB[22m[1m[22m
",2026-06-17T18:07:29.963134533Z,info,"{""serviceId"":""ede4a3ba-6bc0-424f-802c-b3e2041b4048"",""deploymentId"":""34d4ca83-6f85-4127-aaa3-64563aac22f8"",""deploymentInstanceId"":null}","{""source"":""buildkit"",""type"":""log"",""timestamp"":""2026-06-17T18:07:29.963134533Z"",""level"":""info"",""vertex"":""sha256:e07e1de395f3554ea75b97c485b7f7c18c6a84e548c96af34a1524c03c08864c"",""stream"":1,""data"":""G1sybWRpc3QvcHVibGljLxtbMjJtG1sybWFzc2V0cy8bWzIybRtbMzJtaW50ZXItY3lyaWxsaWMtNDAwLW5vcm1hbC1IT0xjMTdmSy53b2ZmICAgICAgICAgICAgICAgICAgICAbWzM5bRtbMW0bWzJtICAgIDkuNzgga0IbWzIybRtbMW0bWzIybQo=""}"
"[2mdist/public/[22m[2massets/[22m[32minter-cyrillic-300-normal-LR1W_oT8.woff                    [39m[1m[2m    9.82 kB[22m[1m[22m
",2026-06-17T18:07:29.963149923Z,info,"{""serviceId"":""ede4a3ba-6bc0-424f-802c-b3e2041b4048"",""deploymentId"":""34d4ca83-6f85-4127-aaa3-64563aac22f8"",""deploymentInstanceId"":null}","{""source"":""buildkit"",""type"":""log"",""timestamp"":""2026-06-17T18:07:29.963149923Z"",""level"":""info"",""vertex"":""sha256:e07e1de395f3554ea75b97c485b7f7c18c6a84e548c96af34a1524c03c08864c"",""stream"":1,""data"":""G1sybWRpc3QvcHVibGljLxtbMjJtG1sybWFzc2V0cy8bWzIybRtbMzJtaW50ZXItY3lyaWxsaWMtMzAwLW5vcm1hbC1MUjFXX29UOC53b2ZmICAgICAgICAgICAgICAgICAgICAbWzM5bRtbMW0bWzJtICAgIDkuODIga0IbWzIybRtbMW0bWzIybQo=""}"
"[2mdist/public/[22m[2massets/[22m[32minter-greek-400-normal-q2sYcFCs.woff                       [39m[1m[2m    9.92 kB[22m[1m[22m
[2mdist/public/[22m[2massets/[22m[32minter-greek-300-normal-BrhSP0vQ.woff                       [39m[1m[2m   10.00 kB[22m[1m[22m
[2mdist/public/[22m[2massets/[22m[32minter-cyrillic-ext-400-normal-BQZuk6qB.woff2               [39m[1m[2m   10.23 kB[22m[1m[22m
[2mdist/public/[22m[2massets/[22m[32minter-cyrillic-ext-300-normal-CgCALhwJ.woff2               [39m[1m[2m   10.36 kB[22m[1m[22m
",2026-06-17T18:07:29.963210183Z,info,"{""serviceId"":""ede4a3ba-6bc0-424f-802c-b3e2041b4048"",""deploymentId"":""34d4ca83-6f85-4127-aaa3-64563aac22f8"",""deploymentInstanceId"":null}","{""source"":""buildkit"",""type"":""log"",""timestamp"":""2026-06-17T18:07:29.963210183Z"",""level"":""info"",""vertex"":""sha256:e07e1de395f3554ea75b97c485b7f7c18c6a84e548c96af34a1524c03c08864c"",""stream"":1,""data"":""G1sybWRpc3QvcHVibGljLxtbMjJtG1sybWFzc2V0cy8bWzIybRtbMzJtaW50ZXItZ3JlZWstNDAwLW5vcm1hbC1xMnNZY0ZDcy53b2ZmICAgICAgICAgICAgICAgICAgICAgICAbWzM5bRtbMW0bWzJtICAgIDkuOTIga0IbWzIybRtbMW0bWzIybQobWzJtZGlzdC9wdWJsaWMvG1syMm0bWzJtYXNzZXRzLxtbMjJtG1szMm1pbnRlci1ncmVlay0zMDAtbm9ybWFsLUJyaFNQMHZRLndvZmYgICAgICAgICAgICAgICAgICAgICAgIBtbMzltG1sxbRtbMm0gICAxMC4wMCBrQhtbMjJtG1sxbRtbMjJtChtbMm1kaXN0L3B1YmxpYy8bWzIybRtbMm1hc3NldHMvG1syMm0bWzMybWludGVyLWN5cmlsbGljLWV4dC00MDAtbm9ybWFsLUJRWnVrNnFCLndvZmYyICAgICAgICAgICAgICAgG1szOW0bWzFtG1sybSAgIDEwLjIzIGtCG1syMm0bWzFtG1syMm0KG1sybWRpc3QvcHVibGljLxtbMjJtG1sybWFzc2V0cy8bWzIybRtbMzJtaW50ZXItY3lyaWxsaWMtZXh0LTMwMC1ub3JtYWwtQ2dDQUxod0oud29mZjIgICAgICAgICAgICAgICAbWzM5bRtbMW0bWzJtICAgMTAuMzYga0IbWzIybRtbMW0bWzIybQo=""}"
"[2mdist/public/[22m[2massets/[22m[32mcormorant-garamond-cyrillic-700-normal-SLG_-a_c.woff2      [39m[1m[2m   12.54 kB[22m[1m[22m
[2mdist/public/[22m[2massets/[22m[32mcormorant-garamond-cyrillic-400-italic-D3GtrbRZ.woff2      [39m[1m[2m   12.72 kB[22m[1m[22m
[2mdist/public/[22m[2massets/[22m[32mcormorant-garamond-cyrillic-400-normal-DD2KOZkl.woff2      [39m[1m[2m   12.78 kB[22m[1m[22m
",2026-06-17T18:07:29.963346239Z,info,"{""serviceId"":""ede4a3ba-6bc0-424f-802c-b3e2041b4048"",""deploymentId"":""34d4ca83-6f85-4127-aaa3-64563aac22f8"",""deploymentInstanceId"":null}","{""source"":""buildkit"",""type"":""log"",""timestamp"":""2026-06-17T18:07:29.963346239Z"",""level"":""info"",""vertex"":""sha256:e07e1de395f3554ea75b97c485b7f7c18c6a84e548c96af34a1524c03c08864c"",""stream"":1,""data"":""G1sybWRpc3QvcHVibGljLxtbMjJtG1sybWFzc2V0cy8bWzIybRtbMzJtY29ybW9yYW50LWdhcmFtb25kLWN5cmlsbGljLTcwMC1ub3JtYWwtU0xHXy1hX2Mud29mZjIgICAgICAbWzM5bRtbMW0bWzJtICAgMTIuNTQga0IbWzIybRtbMW0bWzIybQobWzJtZGlzdC9wdWJsaWMvG1syMm0bWzJtYXNzZXRzLxtbMjJtG1szMm1jb3Jtb3JhbnQtZ2FyYW1vbmQtY3lyaWxsaWMtNDAwLWl0YWxpYy1EM0d0cmJSWi53b2ZmMiAgICAgIBtbMzltG1sxbRtbMm0gICAxMi43MiBrQhtbMjJtG1sxbRtbMjJtChtbMm1kaXN0L3B1YmxpYy8bWzIybRtbMm1hc3NldHMvG1syMm0bWzMybWNvcm1vcmFudC1nYXJhbW9uZC1jeXJpbGxpYy00MDAtbm9ybWFsLUREMktPWmtsLndvZmYyICAgICAgG1szOW0bWzFtG1sybSAgIDEyLjc4IGtCG1syMm0bWzFtG1syMm0K""}"
"[2mdist/public/[22m[2massets/[22m[32minter-cyrillic-ext-400-normal-DQukG94-.woff                [39m[1m[2m   13.34 kB[22m[1m[22m
[2mdist/public/[22m[2massets/[22m[32minter-cyrillic-ext-300-normal-RId2JxDB.woff                [39m[1m[2m   13.40 kB[22m[1m[22m
",2026-06-17T18:07:29.963362389Z,info,"{""serviceId"":""ede4a3ba-6bc0-424f-802c-b3e2041b4048"",""deploymentId"":""34d4ca83-6f85-4127-aaa3-64563aac22f8"",""deploymentInstanceId"":null}","{""source"":""buildkit"",""type"":""log"",""timestamp"":""2026-06-17T18:07:29.963362389Z"",""level"":""info"",""vertex"":""sha256:e07e1de395f3554ea75b97c485b7f7c18c6a84e548c96af34a1524c03c08864c"",""stream"":1,""data"":""G1sybWRpc3QvcHVibGljLxtbMjJtG1sybWFzc2V0cy8bWzIybRtbMzJtaW50ZXItY3lyaWxsaWMtZXh0LTQwMC1ub3JtYWwtRFF1a0c5NC0ud29mZiAgICAgICAgICAgICAgICAbWzM5bRtbMW0bWzJtICAgMTMuMzQga0IbWzIybRtbMW0bWzIybQobWzJtZGlzdC9wdWJsaWMvG1syMm0bWzJtYXNzZXRzLxtbMjJtG1szMm1pbnRlci1jeXJpbGxpYy1leHQtMzAwLW5vcm1hbC1SSWQySnhEQi53b2ZmICAgICAgICAgICAgICAgIBtbMzltG1sxbRtbMm0gICAxMy40MCBrQhtbMjJtG1sxbRtbMjJtCg==""}"
"[2mdist/public/[22m[2massets/[22m[32mcormorant-garamond-cyrillic-ext-700-normal-Do0rx6yy.woff2  [39m[1m[2m   13.83 kB[22m[1m[22m
[2mdist/public/[22m[2massets/[22m[32mcormorant-garamond-cyrillic-ext-400-normal-W3Dto7M0.woff2  [39m[1m[2m   13.92 kB[22m[1m[22m
",2026-06-17T18:07:29.963365998Z,info,"{""serviceId"":""ede4a3ba-6bc0-424f-802c-b3e2041b4048"",""deploymentId"":""34d4ca83-6f85-4127-aaa3-64563aac22f8"",""deploymentInstanceId"":null}","{""source"":""buildkit"",""type"":""log"",""timestamp"":""2026-06-17T18:07:29.963365998Z"",""level"":""info"",""vertex"":""sha256:e07e1de395f3554ea75b97c485b7f7c18c6a84e548c96af34a1524c03c08864c"",""stream"":1,""data"":""G1sybWRpc3QvcHVibGljLxtbMjJtG1sybWFzc2V0cy8bWzIybRtbMzJtY29ybW9yYW50LWdhcmFtb25kLWN5cmlsbGljLWV4dC03MDAtbm9ybWFsLURvMHJ4Nnl5LndvZmYyICAbWzM5bRtbMW0bWzJtICAgMTMuODMga0IbWzIybRtbMW0bWzIybQobWzJtZGlzdC9wdWJsaWMvG1syMm0bWzJtYXNzZXRzLxtbMjJtG1szMm1jb3Jtb3JhbnQtZ2FyYW1vbmQtY3lyaWxsaWMtZXh0LTQwMC1ub3JtYWwtVzNEdG83TTAud29mZjIgIBtbMzltG1sxbRtbMm0gICAxMy45MiBrQhtbMjJtG1sxbRtbMjJtCg==""}"
"[2mdist/public/[22m[2massets/[22m[32mcormorant-garamond-cyrillic-ext-400-italic-BEGvmv_3.woff2  [39m[1m[2m   14.75 kB[22m[1m[22m
[2mdist/public/[22m[2massets/[22m[32mcormorant-garamond-cyrillic-700-normal-D3uyJ5DH.woff       [39m[1m[2m   15.29 kB[22m[1m[22m
[2mdist/public/[22m[2massets/[22m[32mcormorant-garamond-cyrillic-400-normal-CVFrM67f.woff       [39m[1m[2m   15.70 kB[22m[1m[22m
",2026-06-17T18:07:29.963400194Z,info,"{""serviceId"":""ede4a3ba-6bc0-424f-802c-b3e2041b4048"",""deploymentId"":""34d4ca83-6f85-4127-aaa3-64563aac22f8"",""deploymentInstanceId"":null}","{""source"":""buildkit"",""type"":""log"",""timestamp"":""2026-06-17T18:07:29.963400194Z"",""level"":""info"",""vertex"":""sha256:e07e1de395f3554ea75b97c485b7f7c18c6a84e548c96af34a1524c03c08864c"",""stream"":1,""data"":""G1sybWRpc3QvcHVibGljLxtbMjJtG1sybWFzc2V0cy8bWzIybRtbMzJtY29ybW9yYW50LWdhcmFtb25kLWN5cmlsbGljLWV4dC00MDAtaXRhbGljLUJFR3Ztdl8zLndvZmYyICAbWzM5bRtbMW0bWzJtICAgMTQuNzUga0IbWzIybRtbMW0bWzIybQobWzJtZGlzdC9wdWJsaWMvG1syMm0bWzJtYXNzZXRzLxtbMjJtG1szMm1jb3Jtb3JhbnQtZ2FyYW1vbmQtY3lyaWxsaWMtNzAwLW5vcm1hbC1EM3V5SjVESC53b2ZmICAgICAgIBtbMzltG1sxbRtbMm0gICAxNS4yOSBrQhtbMjJtG1sxbRtbMjJtChtbMm1kaXN0L3B1YmxpYy8bWzIybRtbMm1hc3NldHMvG1syMm0bWzMybWNvcm1vcmFudC1nYXJhbW9uZC1jeXJpbGxpYy00MDAtbm9ybWFsLUNWRnJNNjdmLndvZmYgICAgICAgG1szOW0bWzFtG1sybSAgIDE1LjcwIGtCG1syMm0bWzFtG1syMm0K""}"
"[2mdist/public/[22m[2massets/[22m[32mcormorant-garamond-cyrillic-400-italic-AH1vqu4S.woff       [39m[1m[2m   16.01 kB[22m[1m[22m
[2mdist/public/[22m[2massets/[22m[32mcormorant-garamond-cyrillic-ext-700-normal-BaW-xaxb.woff   [39m[1m[2m   17.08 kB[22m[1m[22m
",2026-06-17T18:07:29.963409049Z,info,"{""serviceId"":""ede4a3ba-6bc0-424f-802c-b3e2041b4048"",""deploymentId"":""34d4ca83-6f85-4127-aaa3-64563aac22f8"",""deploymentInstanceId"":null}","{""source"":""buildkit"",""type"":""log"",""timestamp"":""2026-06-17T18:07:29.963409049Z"",""level"":""info"",""vertex"":""sha256:e07e1de395f3554ea75b97c485b7f7c18c6a84e548c96af34a1524c03c08864c"",""stream"":1,""data"":""G1sybWRpc3QvcHVibGljLxtbMjJtG1sybWFzc2V0cy8bWzIybRtbMzJtY29ybW9yYW50LWdhcmFtb25kLWN5cmlsbGljLTQwMC1pdGFsaWMtQUgxdnF1NFMud29mZiAgICAgICAbWzM5bRtbMW0bWzJtICAgMTYuMDEga0IbWzIybRtbMW0bWzIybQobWzJtZGlzdC9wdWJsaWMvG1syMm0bWzJtYXNzZXRzLxtbMjJtG1szMm1jb3Jtb3JhbnQtZ2FyYW1vbmQtY3lyaWxsaWMtZXh0LTcwMC1ub3JtYWwtQmFXLXhheGIud29mZiAgIBtbMzltG1sxbRtbMm0gICAxNy4wOCBrQhtbMjJtG1sxbRtbMjJtCg==""}"
"[2mdist/public/[22m[2massets/[22m[32mcormorant-garamond-cyrillic-ext-400-normal-DLdKLAvx.woff   [39m[1m[2m   17.43 kB[22m[1m[22m
[2mdist/public/[22m[2massets/[22m[32mcormorant-garamond-cyrillic-ext-400-italic-C_Uk1MUY.woff   [39m[1m[2m   19.14 kB[22m[1m[22m
",2026-06-17T18:07:29.963422165Z,info,"{""serviceId"":""ede4a3ba-6bc0-424f-802c-b3e2041b4048"",""deploymentId"":""34d4ca83-6f85-4127-aaa3-64563aac22f8"",""deploymentInstanceId"":null}","{""source"":""buildkit"",""type"":""log"",""timestamp"":""2026-06-17T18:07:29.963422165Z"",""level"":""info"",""vertex"":""sha256:e07e1de395f3554ea75b97c485b7f7c18c6a84e548c96af34a1524c03c08864c"",""stream"":1,""data"":""G1sybWRpc3QvcHVibGljLxtbMjJtG1sybWFzc2V0cy8bWzIybRtbMzJtY29ybW9yYW50LWdhcmFtb25kLWN5cmlsbGljLWV4dC00MDAtbm9ybWFsLURMZEtMQXZ4LndvZmYgICAbWzM5bRtbMW0bWzJtICAgMTcuNDMga0IbWzIybRtbMW0bWzIybQobWzJtZGlzdC9wdWJsaWMvG1syMm0bWzJtYXNzZXRzLxtbMjJtG1szMm1jb3Jtb3JhbnQtZ2FyYW1vbmQtY3lyaWxsaWMtZXh0LTQwMC1pdGFsaWMtQ19VazFNVVkud29mZiAgIBtbMzltG1sxbRtbMm0gICAxOS4xNCBrQhtbMjJtG1sxbRtbMjJtCg==""}"
"[2mdist/public/[22m[2massets/[22m[32mcormorant-garamond-latin-ext-700-normal-CNjt5vTB.woff2     [39m[1m[2m   19.33 kB[22m[1m[22m
[2mdist/public/[22m[2massets/[22m[32mcormorant-garamond-latin-ext-400-normal-Drx2k2n9.woff2     [39m[1m[2m   19.89 kB[22m[1m[22m
[2mdist/public/[22m[2massets/[22m[32mcormorant-garamond-latin-ext-400-italic-BdEzgT7i.woff2     [39m[1m[2m   20.28 kB[22m[1m[22m
",2026-06-17T18:07:29.96344507Z,info,"{""serviceId"":""ede4a3ba-6bc0-424f-802c-b3e2041b4048"",""deploymentId"":""34d4ca83-6f85-4127-aaa3-64563aac22f8"",""deploymentInstanceId"":null}","{""source"":""buildkit"",""type"":""log"",""timestamp"":""2026-06-17T18:07:29.96344507Z"",""level"":""info"",""vertex"":""sha256:e07e1de395f3554ea75b97c485b7f7c18c6a84e548c96af34a1524c03c08864c"",""stream"":1,""data"":""G1sybWRpc3QvcHVibGljLxtbMjJtG1sybWFzc2V0cy8bWzIybRtbMzJtY29ybW9yYW50LWdhcmFtb25kLWxhdGluLWV4dC03MDAtbm9ybWFsLUNOanQ1dlRCLndvZmYyICAgICAbWzM5bRtbMW0bWzJtICAgMTkuMzMga0IbWzIybRtbMW0bWzIybQobWzJtZGlzdC9wdWJsaWMvG1syMm0bWzJtYXNzZXRzLxtbMjJtG1szMm1jb3Jtb3JhbnQtZ2FyYW1vbmQtbGF0aW4tZXh0LTQwMC1ub3JtYWwtRHJ4Mmsybjkud29mZjIgICAgIBtbMzltG1sxbRtbMm0gICAxOS44OSBrQhtbMjJtG1sxbRtbMjJtChtbMm1kaXN0L3B1YmxpYy8bWzIybRtbMm1hc3NldHMvG1syMm0bWzMybWNvcm1vcmFudC1nYXJhbW9uZC1sYXRpbi1leHQtNDAwLWl0YWxpYy1CZEV6Z1Q3aS53b2ZmMiAgICAgG1szOW0bWzFtG1sybSAgIDIwLjI4IGtCG1syMm0bWzFtG1syMm0K""}"
"[2mdist/public/[22m[2massets/[22m[32mcormorant-garamond-latin-700-normal-DajfzrDU.woff2         [39m[1m[2m   22.34 kB[22m[1m[22m
[2mdist/public/[22m[2massets/[22m[32mcormorant-garamond-latin-400-normal-B-1hWBU7.woff2         [39m[1m[2m   22.88 kB[22m[1m[22m
",2026-06-17T18:07:29.963450061Z,info,"{""serviceId"":""ede4a3ba-6bc0-424f-802c-b3e2041b4048"",""deploymentId"":""34d4ca83-6f85-4127-aaa3-64563aac22f8"",""deploymentInstanceId"":null}","{""source"":""buildkit"",""type"":""log"",""timestamp"":""2026-06-17T18:07:29.963450061Z"",""level"":""info"",""vertex"":""sha256:e07e1de395f3554ea75b97c485b7f7c18c6a84e548c96af34a1524c03c08864c"",""stream"":1,""data"":""G1sybWRpc3QvcHVibGljLxtbMjJtG1sybWFzc2V0cy8bWzIybRtbMzJtY29ybW9yYW50LWdhcmFtb25kLWxhdGluLTcwMC1ub3JtYWwtRGFqZnpyRFUud29mZjIgICAgICAgICAbWzM5bRtbMW0bWzJtICAgMjIuMzQga0IbWzIybRtbMW0bWzIybQobWzJtZGlzdC9wdWJsaWMvG1syMm0bWzJtYXNzZXRzLxtbMjJtG1szMm1jb3Jtb3JhbnQtZ2FyYW1vbmQtbGF0aW4tNDAwLW5vcm1hbC1CLTFoV0JVNy53b2ZmMiAgICAgICAgIBtbMzltG1sxbRtbMm0gICAyMi44OCBrQhtbMjJtG1sxbRtbMjJtCg==""}"
"[2mdist/public/[22m[2massets/[22m[32mcormorant-garamond-latin-400-italic-Dc_OZ8oc.woff2         [39m[1m[2m   23.66 kB[22m[1m[22m
[2mdist/public/[22m[2massets/[22m[32minter-latin-400-normal-C38fXH4l.woff2                      [39m[1m[2m   23.66 kB[22m[1m[22m
[2mdist/public/[22m[2massets/[22m[32minter-latin-300-normal-BVlfKGgI.woff2                      [39m[1m[2m   23.92 kB[22m[1m[22m
[2mdist/public/[22m[2massets/[22m[32mcormorant-garamond-latin-ext-700-normal-qRbaVVD7.woff      [39m[1m[2m   27.04 kB[22m[1m[22m
",2026-06-17T18:07:29.963470524Z,info,"{""serviceId"":""ede4a3ba-6bc0-424f-802c-b3e2041b4048"",""deploymentId"":""34d4ca83-6f85-4127-aaa3-64563aac22f8"",""deploymentInstanceId"":null}","{""source"":""buildkit"",""type"":""log"",""timestamp"":""2026-06-17T18:07:29.963470524Z"",""level"":""info"",""vertex"":""sha256:e07e1de395f3554ea75b97c485b7f7c18c6a84e548c96af34a1524c03c08864c"",""stream"":1,""data"":""G1sybWRpc3QvcHVibGljLxtbMjJtG1sybWFzc2V0cy8bWzIybRtbMzJtY29ybW9yYW50LWdhcmFtb25kLWxhdGluLTQwMC1pdGFsaWMtRGNfT1o4b2Mud29mZjIgICAgICAgICAbWzM5bRtbMW0bWzJtICAgMjMuNjYga0IbWzIybRtbMW0bWzIybQobWzJtZGlzdC9wdWJsaWMvG1syMm0bWzJtYXNzZXRzLxtbMjJtG1szMm1pbnRlci1sYXRpbi00MDAtbm9ybWFsLUMzOGZYSDRsLndvZmYyICAgICAgICAgICAgICAgICAgICAgIBtbMzltG1sxbRtbMm0gICAyMy42NiBrQhtbMjJtG1sxbRtbMjJtChtbMm1kaXN0L3B1YmxpYy8bWzIybRtbMm1hc3NldHMvG1syMm0bWzMybWludGVyLWxhdGluLTMwMC1ub3JtYWwtQlZsZktHZ0kud29mZjIgICAgICAgICAgICAgICAgICAgICAgG1szOW0bWzFtG1sybSAgIDIzLjkyIGtCG1syMm0bWzFtG1syMm0KG1sybWRpc3QvcHVibGljLxtbMjJtG1sybWFzc2V0cy8bWzIybRtbMzJtY29ybW9yYW50LWdhcmFtb25kLWxhdGluLWV4dC03MDAtbm9ybWFsLXFSYmFWVkQ3LndvZmYgICAgICAbWzM5bRtbMW0bWzJtICAgMjcuMDQga0IbWzIybRtbMW0bWzIybQo=""}"
"[2mdist/public/[22m[2massets/[22m[32mcormorant-garamond-latin-ext-400-normal-uvC0WHQr.woff      [39m[1m[2m   27.93 kB[22m[1m[22m
[2mdist/public/[22m[2massets/[22m[32mcormorant-garamond-latin-ext-400-italic-CQvLaSWn.woff      [39m[1m[2m   28.72 kB[22m[1m[22m
[2mdist/public/[22m[2massets/[22m[32mcormorant-garamond-latin-700-normal-O25Qpphb.woff          [39m[1m[2m   30.25 kB[22m[1m[22m
",2026-06-17T18:07:29.963489314Z,info,"{""serviceId"":""ede4a3ba-6bc0-424f-802c-b3e2041b4048"",""deploymentId"":""34d4ca83-6f85-4127-aaa3-64563aac22f8"",""deploymentInstanceId"":null}","{""source"":""buildkit"",""type"":""log"",""timestamp"":""2026-06-17T18:07:29.963489314Z"",""level"":""info"",""vertex"":""sha256:e07e1de395f3554ea75b97c485b7f7c18c6a84e548c96af34a1524c03c08864c"",""stream"":1,""data"":""G1sybWRpc3QvcHVibGljLxtbMjJtG1sybWFzc2V0cy8bWzIybRtbMzJtY29ybW9yYW50LWdhcmFtb25kLWxhdGluLWV4dC00MDAtbm9ybWFsLXV2QzBXSFFyLndvZmYgICAgICAbWzM5bRtbMW0bWzJtICAgMjcuOTMga0IbWzIybRtbMW0bWzIybQobWzJtZGlzdC9wdWJsaWMvG1syMm0bWzJtYXNzZXRzLxtbMjJtG1szMm1jb3Jtb3JhbnQtZ2FyYW1vbmQtbGF0aW4tZXh0LTQwMC1pdGFsaWMtQ1F2TGFTV24ud29mZiAgICAgIBtbMzltG1sxbRtbMm0gICAyOC43MiBrQhtbMjJtG1sxbRtbMjJtChtbMm1kaXN0L3B1YmxpYy8bWzIybRtbMm1hc3NldHMvG1syMm0bWzMybWNvcm1vcmFudC1nYXJhbW9uZC1sYXRpbi03MDAtbm9ybWFsLU8yNVFwcGhiLndvZmYgICAgICAgICAgG1szOW0bWzFtG1sybSAgIDMwLjI1IGtCG1syMm0bWzFtG1syMm0K""}"
"[2mdist/public/[22m[2massets/[22m[32minter-latin-400-normal-CyCys3Eg.woff                       [39m[1m[2m   30.70 kB[22m[1m[22m
[2mdist/public/[22m[2massets/[22m[32mcormorant-garamond-latin-400-normal-B7YtguxJ.woff          [39m[1m[2m   30.98 kB[22m[1m[22m
",2026-06-17T18:07:29.963506829Z,info,"{""serviceId"":""ede4a3ba-6bc0-424f-802c-b3e2041b4048"",""deploymentId"":""34d4ca83-6f85-4127-aaa3-64563aac22f8"",""deploymentInstanceId"":null}","{""source"":""buildkit"",""type"":""log"",""timestamp"":""2026-06-17T18:07:29.963506829Z"",""level"":""info"",""vertex"":""sha256:e07e1de395f3554ea75b97c485b7f7c18c6a84e548c96af34a1524c03c08864c"",""stream"":1,""data"":""G1sybWRpc3QvcHVibGljLxtbMjJtG1sybWFzc2V0cy8bWzIybRtbMzJtaW50ZXItbGF0aW4tNDAwLW5vcm1hbC1DeUN5czNFZy53b2ZmICAgICAgICAgICAgICAgICAgICAgICAbWzM5bRtbMW0bWzJtICAgMzAuNzAga0IbWzIybRtbMW0bWzIybQobWzJtZGlzdC9wdWJsaWMvG1syMm0bWzJtYXNzZXRzLxtbMjJtG1szMm1jb3Jtb3JhbnQtZ2FyYW1vbmQtbGF0aW4tNDAwLW5vcm1hbC1CN1l0Z3V4Si53b2ZmICAgICAgICAgIBtbMzltG1sxbRtbMm0gICAzMC45OCBrQhtbMjJtG1sxbRtbMjJtCg==""}"
"[2mdist/public/[22m[2massets/[22m[32minter-latin-300-normal-i8F0SvXL.woff                       [39m[1m[2m   31.01 kB[22m[1m[22m
[2mdist/public/[22m[2massets/[22m[32mcormorant-garamond-latin-400-italic-BLh7T8o8.woff          [39m[1m[2m   32.89 kB[22m[1m[22m
",2026-06-17T18:07:29.963510544Z,info,"{""serviceId"":""ede4a3ba-6bc0-424f-802c-b3e2041b4048"",""deploymentId"":""34d4ca83-6f85-4127-aaa3-64563aac22f8"",""deploymentInstanceId"":null}","{""source"":""buildkit"",""type"":""log"",""timestamp"":""2026-06-17T18:07:29.963510544Z"",""level"":""info"",""vertex"":""sha256:e07e1de395f3554ea75b97c485b7f7c18c6a84e548c96af34a1524c03c08864c"",""stream"":1,""data"":""G1sybWRpc3QvcHVibGljLxtbMjJtG1sybWFzc2V0cy8bWzIybRtbMzJtaW50ZXItbGF0aW4tMzAwLW5vcm1hbC1pOEYwU3ZYTC53b2ZmICAgICAgICAgICAgICAgICAgICAgICAbWzM5bRtbMW0bWzJtICAgMzEuMDEga0IbWzIybRtbMW0bWzIybQobWzJtZGlzdC9wdWJsaWMvG1syMm0bWzJtYXNzZXRzLxtbMjJtG1szMm1jb3Jtb3JhbnQtZ2FyYW1vbmQtbGF0aW4tNDAwLWl0YWxpYy1CTGg3VDhvOC53b2ZmICAgICAgICAgIBtbMzltG1sxbRtbMm0gICAzMi44OSBrQhtbMjJtG1sxbRtbMjJtCg==""}"
"[2mdist/public/[22m[2massets/[22m[32minter-latin-ext-400-normal-C1nco2VV.woff2                  [39m[1m[2m   35.00 kB[22m[1m[22m
[2mdist/public/[22m[2massets/[22m[32minter-latin-ext-300-normal-CPgO9Ksf.woff2                  [39m[1m[2m   35.88 kB[22m[1m[22m
",2026-06-17T18:07:29.963536228Z,info,"{""serviceId"":""ede4a3ba-6bc0-424f-802c-b3e2041b4048"",""deploymentId"":""34d4ca83-6f85-4127-aaa3-64563aac22f8"",""deploymentInstanceId"":null}","{""source"":""buildkit"",""type"":""log"",""timestamp"":""2026-06-17T18:07:29.963536228Z"",""level"":""info"",""vertex"":""sha256:e07e1de395f3554ea75b97c485b7f7c18c6a84e548c96af34a1524c03c08864c"",""stream"":1,""data"":""G1sybWRpc3QvcHVibGljLxtbMjJtG1sybWFzc2V0cy8bWzIybRtbMzJtaW50ZXItbGF0aW4tZXh0LTQwMC1ub3JtYWwtQzFuY28yVlYud29mZjIgICAgICAgICAgICAgICAgICAbWzM5bRtbMW0bWzJtICAgMzUuMDAga0IbWzIybRtbMW0bWzIybQobWzJtZGlzdC9wdWJsaWMvG1syMm0bWzJtYXNzZXRzLxtbMjJtG1szMm1pbnRlci1sYXRpbi1leHQtMzAwLW5vcm1hbC1DUGdPOUtzZi53b2ZmMiAgICAgICAgICAgICAgICAgIBtbMzltG1sxbRtbMm0gICAzNS44OCBrQhtbMjJtG1sxbRtbMjJtCg==""}"
"[2mdist/public/[22m[2massets/[22m[32minter-latin-ext-400-normal-77YHD8bZ.woff                   [39m[1m[2m   47.56 kB[22m[1m[22m
[2mdist/public/[22m[2massets/[22m[32minter-latin-ext-300-normal-Dp1L8vcn.woff                   [39m[1m[2m   48.61 kB[22m[1m[22m
",2026-06-17T18:07:29.96354281Z,info,"{""serviceId"":""ede4a3ba-6bc0-424f-802c-b3e2041b4048"",""deploymentId"":""34d4ca83-6f85-4127-aaa3-64563aac22f8"",""deploymentInstanceId"":null}","{""source"":""buildkit"",""type"":""log"",""timestamp"":""2026-06-17T18:07:29.96354281Z"",""level"":""info"",""vertex"":""sha256:e07e1de395f3554ea75b97c485b7f7c18c6a84e548c96af34a1524c03c08864c"",""stream"":1,""data"":""G1sybWRpc3QvcHVibGljLxtbMjJtG1sybWFzc2V0cy8bWzIybRtbMzJtaW50ZXItbGF0aW4tZXh0LTQwMC1ub3JtYWwtNzdZSEQ4Yloud29mZiAgICAgICAgICAgICAgICAgICAbWzM5bRtbMW0bWzJtICAgNDcuNTYga0IbWzIybRtbMW0bWzIybQobWzJtZGlzdC9wdWJsaWMvG1syMm0bWzJtYXNzZXRzLxtbMjJtG1szMm1pbnRlci1sYXRpbi1leHQtMzAwLW5vcm1hbC1EcDFMOHZjbi53b2ZmICAgICAgICAgICAgICAgICAgIBtbMzltG1sxbRtbMm0gICA0OC42MSBrQhtbMjJtG1sxbRtbMjJtCg==""}"
"[2mdist/public/[22m[2massets/[22m[35mindex-CIuwJ5Bm.css                                         [39m[1m[2m  129.21 kB[22m[1m[22m[2m │ gzip:  20.16 kB[22m
",2026-06-17T18:07:29.963575826Z,info,"{""serviceId"":""ede4a3ba-6bc0-424f-802c-b3e2041b4048"",""deploymentId"":""34d4ca83-6f85-4127-aaa3-64563aac22f8"",""deploymentInstanceId"":null}","{""source"":""buildkit"",""type"":""log"",""timestamp"":""2026-06-17T18:07:29.963575826Z"",""level"":""info"",""vertex"":""sha256:e07e1de395f3554ea75b97c485b7f7c18c6a84e548c96af34a1524c03c08864c"",""stream"":1,""data"":""G1sybWRpc3QvcHVibGljLxtbMjJtG1sybWFzc2V0cy8bWzIybRtbMzVtaW5kZXgtQ0l1d0o1Qm0uY3NzICAgICAgICAgICAgICAgICAgICAgICAgICAgICAgICAgICAgICAgICAbWzM5bRtbMW0bWzJtICAxMjkuMjEga0IbWzIybRtbMW0bWzIybRtbMm0g4pSCIGd6aXA6ICAyMC4xNiBrQhtbMjJtCg==""}"
"[2mdist/public/[22m[2massets/[22m[36mindex-DUnw5CEq.js                                          [39m[1m[33m1,283.72 kB[39m[22m[2m │ gzip: 366.54 kB[22m
",2026-06-17T18:07:29.963598407Z,info,"{""serviceId"":""ede4a3ba-6bc0-424f-802c-b3e2041b4048"",""deploymentId"":""34d4ca83-6f85-4127-aaa3-64563aac22f8"",""deploymentInstanceId"":null}","{""source"":""buildkit"",""type"":""log"",""timestamp"":""2026-06-17T18:07:29.963598407Z"",""level"":""info"",""vertex"":""sha256:e07e1de395f3554ea75b97c485b7f7c18c6a84e548c96af34a1524c03c08864c"",""stream"":1,""data"":""G1sybWRpc3QvcHVibGljLxtbMjJtG1sybWFzc2V0cy8bWzIybRtbMzZtaW5kZXgtRFVudzVDRXEuanMgICAgICAgICAgICAgICAgICAgICAgICAgICAgICAgICAgICAgICAgICAbWzM5bRtbMW0bWzMzbTEsMjgzLjcyIGtCG1szOW0bWzIybRtbMm0g4pSCIGd6aXA6IDM2Ni41NCBrQhtbMjJtCg==""}"
"[33m
(!) Some chunks are larger than 500 kB after minification. Consider:
- Using dynamic import() to code-split the application
- Use build.rollupOptions.output.manualChunks to improve chunking: https://rollupjs.org/configuration-options/#output-manualchunks
- Adjust chunk size limit for this warning via build.chunkSizeWarningLimit.[39m
",2026-06-17T18:07:29.963679883Z,info,"{""serviceId"":""ede4a3ba-6bc0-424f-802c-b3e2041b4048"",""deploymentId"":""34d4ca83-6f85-4127-aaa3-64563aac22f8"",""deploymentInstanceId"":null}","{""source"":""buildkit"",""type"":""log"",""timestamp"":""2026-06-17T18:07:29.963679883Z"",""level"":""info"",""vertex"":""sha256:e07e1de395f3554ea75b97c485b7f7c18c6a84e548c96af34a1524c03c08864c"",""stream"":2,""data"":""G1szM20KKCEpIFNvbWUgY2h1bmtzIGFyZSBsYXJnZXIgdGhhbiA1MDAga0IgYWZ0ZXIgbWluaWZpY2F0aW9uLiBDb25zaWRlcjoKLSBVc2luZyBkeW5hbWljIGltcG9ydCgpIHRvIGNvZGUtc3BsaXQgdGhlIGFwcGxpY2F0aW9uCi0gVXNlIGJ1aWxkLnJvbGx1cE9wdGlvbnMub3V0cHV0Lm1hbnVhbENodW5rcyB0byBpbXByb3ZlIGNodW5raW5nOiBodHRwczovL3JvbGx1cGpzLm9yZy9jb25maWd1cmF0aW9uLW9wdGlvbnMvI291dHB1dC1tYW51YWxjaHVua3MKLSBBZGp1c3QgY2h1bmsgc2l6ZSBsaW1pdCBmb3IgdGhpcyB3YXJuaW5nIHZpYSBidWlsZC5jaHVua1NpemVXYXJuaW5nTGltaXQuG1szOW0K""}"
"[32m✓ built in 4.88s[39m
",2026-06-17T18:07:29.963964654Z,info,"{""serviceId"":""ede4a3ba-6bc0-424f-802c-b3e2041b4048"",""deploymentId"":""34d4ca83-6f85-4127-aaa3-64563aac22f8"",""deploymentInstanceId"":null}","{""source"":""buildkit"",""type"":""log"",""timestamp"":""2026-06-17T18:07:29.963964654Z"",""level"":""info"",""vertex"":""sha256:e07e1de395f3554ea75b97c485b7f7c18c6a84e548c96af34a1524c03c08864c"",""stream"":1,""data"":""G1szMm3inJMgYnVpbHQgaW4gNC44OHMbWzM5bQo=""}"
"
> @workspace/api-server@0.0.0 build:prod /app/artifacts/api-server
> export NODE_ENV=production && node ./build.mjs

",2026-06-17T18:07:30.201014515Z,info,"{""serviceId"":""ede4a3ba-6bc0-424f-802c-b3e2041b4048"",""deploymentId"":""34d4ca83-6f85-4127-aaa3-64563aac22f8"",""deploymentInstanceId"":null}","{""source"":""buildkit"",""type"":""log"",""timestamp"":""2026-06-17T18:07:30.201014515Z"",""level"":""info"",""vertex"":""sha256:e07e1de395f3554ea75b97c485b7f7c18c6a84e548c96af34a1524c03c08864c"",""stream"":1,""data"":""Cj4gQHdvcmtzcGFjZS9hcGktc2VydmVyQDAuMC4wIGJ1aWxkOnByb2QgL2FwcC9hcnRpZmFjdHMvYXBpLXNlcnZlcgo+IGV4cG9ydCBOT0RFX0VOVj1wcm9kdWN0aW9uICYmIG5vZGUgLi9idWlsZC5tanMKCg==""}"
"
  dist/index.mjs                       1.9mb ⚠️
  dist/pino-worker.mjs               153.8kb
  dist/pino-file.mjs                 142.4kb
  dist/pino-pretty.mjs               115.0kb
  dist/thread-stream-worker.mjs        7.7kb
  dist/index.mjs.map                   3.2mb
  dist/pino-worker.mjs.map           256.9kb
  dist/pino-file.mjs.map             229.0kb
  dist/pino-pretty.mjs.map           204.0kb
  dist/thread-stream-worker.mjs.map   12.0kb

⚡ Done in 205ms
",2026-06-17T18:07:30.468635647Z,info,"{""serviceId"":""ede4a3ba-6bc0-424f-802c-b3e2041b4048"",""deploymentId"":""34d4ca83-6f85-4127-aaa3-64563aac22f8"",""deploymentInstanceId"":null}","{""source"":""buildkit"",""type"":""log"",""timestamp"":""2026-06-17T18:07:30.468635647Z"",""level"":""info"",""vertex"":""sha256:e07e1de395f3554ea75b97c485b7f7c18c6a84e548c96af34a1524c03c08864c"",""stream"":2,""data"":""CiAgZGlzdC9pbmRleC5tanMgICAgICAgICAgICAgICAgICAgICAgIDEuOW1iIOKaoO+4jwogIGRpc3QvcGluby13b3JrZXIubWpzICAgICAgICAgICAgICAgMTUzLjhrYgogIGRpc3QvcGluby1maWxlLm1qcyAgICAgICAgICAgICAgICAgMTQyLjRrYgogIGRpc3QvcGluby1wcmV0dHkubWpzICAgICAgICAgICAgICAgMTE1LjBrYgogIGRpc3QvdGhyZWFkLXN0cmVhbS13b3JrZXIubWpzICAgICAgICA3LjdrYgogIGRpc3QvaW5kZXgubWpzLm1hcCAgICAgICAgICAgICAgICAgICAzLjJtYgogIGRpc3QvcGluby13b3JrZXIubWpzLm1hcCAgICAgICAgICAgMjU2LjlrYgogIGRpc3QvcGluby1maWxlLm1qcy5tYXAgICAgICAgICAgICAgMjI5LjBrYgogIGRpc3QvcGluby1wcmV0dHkubWpzLm1hcCAgICAgICAgICAgMjA0LjBrYgogIGRpc3QvdGhyZWFkLXN0cmVhbS13b3JrZXIubWpzLm1hcCAgIDEyLjBrYgoK4pqhIERvbmUgaW4gMjA1bXMK""}"
"Copied migrations to dist/migrations
",2026-06-17T18:07:30.48006021Z,info,"{""serviceId"":""ede4a3ba-6bc0-424f-802c-b3e2041b4048"",""deploymentId"":""34d4ca83-6f85-4127-aaa3-64563aac22f8"",""deploymentInstanceId"":null}","{""source"":""buildkit"",""type"":""log"",""timestamp"":""2026-06-17T18:07:30.48006021Z"",""level"":""info"",""vertex"":""sha256:e07e1de395f3554ea75b97c485b7f7c18c6a84e548c96af34a1524c03c08864c"",""stream"":1,""data"":""Q29waWVkIG1pZ3JhdGlvbnMgdG8gZGlzdC9taWdyYXRpb25zCg==""}"
pnpm install --no-frozen-lockfile && BASE_PATH=/ pnpm --filter @workspace/pilimpiku run build && pnpm --filter @workspace/api-server run build:prod,2026-06-17T18:07:30.772866500Z,info,"{""serviceId"":""ede4a3ba-6bc0-424f-802c-b3e2041b4048"",""deploymentId"":""34d4ca83-6f85-4127-aaa3-64563aac22f8"",""deploymentInstanceId"":null}","{""source"":""buildkit"",""type"":""vertex"",""completed"":""2026-06-17T18:07:30.772662954Z"",""level"":""info"",""digest"":""sha256:e07e1de395f3554ea75b97c485b7f7c18c6a84e548c96af34a1524c03c08864c"",""inputs"":[""sha256:54cbb610c8d51af4ef6f88fadbefb4d29dd4215d498a5570485da7689f4f7a54"",""sha256:a21289025bad13dac519029a81f6271f5c0ced81b7e73e6f1fe525840e4f230d""],""started"":""2026-06-17T18:07:22.336941341Z""}"
copy /root/.cache,2026-06-17T18:07:32.312226872Z,info,"{""serviceId"":""ede4a3ba-6bc0-424f-802c-b3e2041b4048"",""deploymentId"":""34d4ca83-6f85-4127-aaa3-64563aac22f8"",""deploymentInstanceId"":null}","{""source"":""buildkit"",""type"":""vertex"",""started"":""2026-06-17T18:07:32.311993821Z"",""level"":""info"",""digest"":""sha256:20057bd3a242645be2343a71b2aaec00ccbc59fe938c85482c8df7fddc4459c9"",""inputs"":[""sha256:e07e1de395f3554ea75b97c485b7f7c18c6a84e548c96af34a1524c03c08864c""]}"
copy /root/.cache,2026-06-17T18:07:32.366798662Z,info,"{""serviceId"":""ede4a3ba-6bc0-424f-802c-b3e2041b4048"",""deploymentId"":""34d4ca83-6f85-4127-aaa3-64563aac22f8"",""deploymentInstanceId"":null}","{""source"":""buildkit"",""type"":""vertex"",""completed"":""2026-06-17T18:07:32.366640153Z"",""level"":""info"",""digest"":""sha256:20057bd3a242645be2343a71b2aaec00ccbc59fe938c85482c8df7fddc4459c9"",""inputs"":[""sha256:e07e1de395f3554ea75b97c485b7f7c18c6a84e548c96af34a1524c03c08864c""],""started"":""2026-06-17T18:07:32.311993821Z""}"
copy /mise/shims,2026-06-17T18:07:32.381289597Z,info,"{""serviceId"":""ede4a3ba-6bc0-424f-802c-b3e2041b4048"",""deploymentId"":""34d4ca83-6f85-4127-aaa3-64563aac22f8"",""deploymentInstanceId"":null}","{""source"":""buildkit"",""type"":""vertex"",""cached"":true,""level"":""info"",""digest"":""sha256:bcc18e2ca1e0648d032db2f7a63ff6455558c60b8a55b63cf722a250b45bffc5"",""inputs"":[""sha256:5dd40153b16f59f84431b043ae4a1562e00c86aa206118adaaeb0a0dd4a77d79""],""started"":""2026-06-17T18:07:32.380850478Z"",""completed"":""2026-06-17T18:07:32.380850478Z""}"
copy /mise/installs,2026-06-17T18:07:32.381290972Z,info,"{""serviceId"":""ede4a3ba-6bc0-424f-802c-b3e2041b4048"",""deploymentId"":""34d4ca83-6f85-4127-aaa3-64563aac22f8"",""deploymentInstanceId"":null}","{""source"":""buildkit"",""type"":""vertex"",""cached"":true,""level"":""info"",""digest"":""sha256:7c337c3a1dc70203ac29bc0b1dac1dd08223c30d68a590e4ad3c8e103597af2d"",""inputs"":[""sha256:bcc18e2ca1e0648d032db2f7a63ff6455558c60b8a55b63cf722a250b45bffc5"",""sha256:5dd40153b16f59f84431b043ae4a1562e00c86aa206118adaaeb0a0dd4a77d79""],""started"":""2026-06-17T18:07:32.380850478Z"",""completed"":""2026-06-17T18:07:32.380850478Z""}"
copy /usr/local/bin/mise,2026-06-17T18:07:32.381291647Z,info,"{""serviceId"":""ede4a3ba-6bc0-424f-802c-b3e2041b4048"",""deploymentId"":""34d4ca83-6f85-4127-aaa3-64563aac22f8"",""deploymentInstanceId"":null}","{""source"":""buildkit"",""type"":""vertex"",""cached"":true,""level"":""info"",""digest"":""sha256:deafe4c9f3275053f143874638c7e91a3f56a38a802dcbdcf3d3ac98c5db903a"",""inputs"":[""sha256:7c337c3a1dc70203ac29bc0b1dac1dd08223c30d68a590e4ad3c8e103597af2d"",""sha256:5dd40153b16f59f84431b043ae4a1562e00c86aa206118adaaeb0a0dd4a77d79""],""started"":""2026-06-17T18:07:32.380850478Z"",""completed"":""2026-06-17T18:07:32.380850478Z""}"
copy /etc/mise/config.toml,2026-06-17T18:07:32.381292445Z,info,"{""serviceId"":""ede4a3ba-6bc0-424f-802c-b3e2041b4048"",""deploymentId"":""34d4ca83-6f85-4127-aaa3-64563aac22f8"",""deploymentInstanceId"":null}","{""source"":""buildkit"",""type"":""vertex"",""cached"":true,""level"":""info"",""digest"":""sha256:a2c2b6e2d6a4db32d3bcc8202a31d2f25d0ac938f558b1a4902c278fe6afc476"",""inputs"":[""sha256:deafe4c9f3275053f143874638c7e91a3f56a38a802dcbdcf3d3ac98c5db903a"",""sha256:5dd40153b16f59f84431b043ae4a1562e00c86aa206118adaaeb0a0dd4a77d79""],""started"":""2026-06-17T18:07:32.380850478Z"",""completed"":""2026-06-17T18:07:32.380850478Z""}"
copy /root/.local/state/mise,2026-06-17T18:07:32.381293133Z,info,"{""serviceId"":""ede4a3ba-6bc0-424f-802c-b3e2041b4048"",""deploymentId"":""34d4ca83-6f85-4127-aaa3-64563aac22f8"",""deploymentInstanceId"":null}","{""source"":""buildkit"",""type"":""vertex"",""cached"":true,""level"":""info"",""digest"":""sha256:f3ec4ce82665fe75d964f9fe782aab5d56a108059a67ab2c1f506b98db058f72"",""inputs"":[""sha256:a2c2b6e2d6a4db32d3bcc8202a31d2f25d0ac938f558b1a4902c278fe6afc476"",""sha256:5dd40153b16f59f84431b043ae4a1562e00c86aa206118adaaeb0a0dd4a77d79""],""started"":""2026-06-17T18:07:32.380850478Z"",""completed"":""2026-06-17T18:07:32.380918476Z""}"
install apt packages: libatomic1,2026-06-17T18:07:32.381293682Z,info,"{""serviceId"":""ede4a3ba-6bc0-424f-802c-b3e2041b4048"",""deploymentId"":""34d4ca83-6f85-4127-aaa3-64563aac22f8"",""deploymentInstanceId"":null}","{""source"":""buildkit"",""type"":""vertex"",""cached"":true,""level"":""info"",""digest"":""sha256:14cc5207c2a703d2b8a8545b07ba0cddd8fb310e4a3c86829b80eac657903d8a"",""inputs"":[""sha256:2d3107d5245d1feda13718c93c09ac0b1a32193db58c9e23869ced901233d37d""],""started"":""2026-06-17T18:07:32.380857407Z""}"
install apt packages: libatomic1,2026-06-17T18:07:32.381297794Z,info,"{""serviceId"":""ede4a3ba-6bc0-424f-802c-b3e2041b4048"",""deploymentId"":""34d4ca83-6f85-4127-aaa3-64563aac22f8"",""deploymentInstanceId"":null}","{""source"":""buildkit"",""type"":""vertex"",""cached"":true,""level"":""info"",""digest"":""sha256:14cc5207c2a703d2b8a8545b07ba0cddd8fb310e4a3c86829b80eac657903d8a"",""inputs"":[""sha256:2d3107d5245d1feda13718c93c09ac0b1a32193db58c9e23869ced901233d37d""],""started"":""2026-06-17T18:07:32.380857407Z"",""completed"":""2026-06-17T18:07:32.380954114Z""}"
copy /app/node_modules,2026-06-17T18:07:39.727947507Z,info,"{""serviceId"":""ede4a3ba-6bc0-424f-802c-b3e2041b4048"",""deploymentId"":""34d4ca83-6f85-4127-aaa3-64563aac22f8"",""deploymentInstanceId"":null}","{""source"":""buildkit"",""type"":""vertex"",""started"":""2026-06-17T18:07:39.727730725Z"",""level"":""info"",""digest"":""sha256:e069ce8b78b480720845c3a5e24bf340b7b5869afe123cfec67b426bf559e46c"",""inputs"":[""sha256:e07e1de395f3554ea75b97c485b7f7c18c6a84e548c96af34a1524c03c08864c""]}"
copy /app,2026-06-17T18:07:39.805101434Z,info,"{""serviceId"":""ede4a3ba-6bc0-424f-802c-b3e2041b4048"",""deploymentId"":""34d4ca83-6f85-4127-aaa3-64563aac22f8"",""deploymentInstanceId"":null}","{""source"":""buildkit"",""type"":""vertex"",""started"":""2026-06-17T18:07:39.804908937Z"",""level"":""info"",""digest"":""sha256:7e1ae36442774b2d5e1a743f68172ce4a009b0539dcb3d7870581cf62493ddc9"",""inputs"":[""sha256:20057bd3a242645be2343a71b2aaec00ccbc59fe938c85482c8df7fddc4459c9"",""sha256:e07e1de395f3554ea75b97c485b7f7c18c6a84e548c96af34a1524c03c08864c""]}"
copy /app,2026-06-17T18:07:41.058542659Z,info,"{""serviceId"":""ede4a3ba-6bc0-424f-802c-b3e2041b4048"",""deploymentId"":""34d4ca83-6f85-4127-aaa3-64563aac22f8"",""deploymentInstanceId"":null}","{""source"":""buildkit"",""type"":""vertex"",""completed"":""2026-06-17T18:07:41.058306346Z"",""level"":""info"",""digest"":""sha256:7e1ae36442774b2d5e1a743f68172ce4a009b0539dcb3d7870581cf62493ddc9"",""inputs"":[""sha256:20057bd3a242645be2343a71b2aaec00ccbc59fe938c85482c8df7fddc4459c9"",""sha256:e07e1de395f3554ea75b97c485b7f7c18c6a84e548c96af34a1524c03c08864c""],""started"":""2026-06-17T18:07:39.804908937Z""}"
copy /app/node_modules,2026-06-17T18:07:43.654039032Z,info,"{""serviceId"":""ede4a3ba-6bc0-424f-802c-b3e2041b4048"",""deploymentId"":""34d4ca83-6f85-4127-aaa3-64563aac22f8"",""deploymentInstanceId"":null}","{""source"":""buildkit"",""type"":""vertex"",""completed"":""2026-06-17T18:07:43.653740368Z"",""level"":""info"",""digest"":""sha256:e069ce8b78b480720845c3a5e24bf340b7b5869afe123cfec67b426bf559e46c"",""inputs"":[""sha256:e07e1de395f3554ea75b97c485b7f7c18c6a84e548c96af34a1524c03c08864c""],""started"":""2026-06-17T18:07:39.727730725Z""}"
"[railpack] merge $packages:apt:runtime, $packages:mise, $build, $build",2026-06-17T18:07:43.663729051Z,info,"{""serviceId"":""ede4a3ba-6bc0-424f-802c-b3e2041b4048"",""deploymentId"":""34d4ca83-6f85-4127-aaa3-64563aac22f8"",""deploymentInstanceId"":null}","{""source"":""buildkit"",""type"":""vertex"",""started"":""2026-06-17T18:07:43.66343069Z"",""level"":""info"",""digest"":""sha256:8aa8aba14a0e615d15f0aadb8a62a8fe6859e4ccc42c9b364b734e84d1548051"",""inputs"":[""sha256:14cc5207c2a703d2b8a8545b07ba0cddd8fb310e4a3c86829b80eac657903d8a"",""sha256:f3ec4ce82665fe75d964f9fe782aab5d56a108059a67ab2c1f506b98db058f72"",""sha256:e069ce8b78b480720845c3a5e24bf340b7b5869afe123cfec67b426bf559e46c"",""sha256:7e1ae36442774b2d5e1a743f68172ce4a009b0539dcb3d7870581cf62493ddc9""]}"
"[railpack] merge $packages:apt:runtime, $packages:mise, $build, $build",2026-06-17T18:07:43.890096176Z,info,"{""serviceId"":""ede4a3ba-6bc0-424f-802c-b3e2041b4048"",""deploymentId"":""34d4ca83-6f85-4127-aaa3-64563aac22f8"",""deploymentInstanceId"":null}","{""source"":""buildkit"",""type"":""vertex"",""completed"":""2026-06-17T18:07:43.889860413Z"",""level"":""info"",""digest"":""sha256:8aa8aba14a0e615d15f0aadb8a62a8fe6859e4ccc42c9b364b734e84d1548051"",""inputs"":[""sha256:14cc5207c2a703d2b8a8545b07ba0cddd8fb310e4a3c86829b80eac657903d8a"",""sha256:f3ec4ce82665fe75d964f9fe782aab5d56a108059a67ab2c1f506b98db058f72"",""sha256:e069ce8b78b480720845c3a5e24bf340b7b5869afe123cfec67b426bf559e46c"",""sha256:7e1ae36442774b2d5e1a743f68172ce4a009b0539dcb3d7870581cf62493ddc9""],""started"":""2026-06-17T18:07:43.66343069Z""}"
exporting to docker image format,2026-06-17T18:07:43.903557190Z,info,"{""serviceId"":""ede4a3ba-6bc0-424f-802c-b3e2041b4048"",""deploymentId"":""34d4ca83-6f85-4127-aaa3-64563aac22f8"",""deploymentInstanceId"":null}","{""source"":""buildkit"",""type"":""vertex"",""started"":""2026-06-17T18:07:43.903369936Z"",""level"":""info"",""digest"":""sha256:9f12218126864c4d68aec3306eba62a83787ee559e9d5fd433649e6cf04adfcb""}"
exporting to docker image format,2026-06-17T18:07:48.653021014Z,info,"{""serviceId"":""ede4a3ba-6bc0-424f-802c-b3e2041b4048"",""deploymentId"":""34d4ca83-6f85-4127-aaa3-64563aac22f8"",""deploymentInstanceId"":null}","{""source"":""buildkit"",""type"":""vertex"",""completed"":""2026-06-17T18:07:48.652895966Z"",""level"":""info"",""digest"":""sha256:9f12218126864c4d68aec3306eba62a83787ee559e9d5fd433649e6cf04adfcb"",""started"":""2026-06-17T18:07:43.903369936Z""}"
containerimage.descriptor: eyJtZWRpYVR5cGUiOiJhcHBsaWNhdGlvbi92bmQub2NpLmltYWdlLm1hbmlmZXN0LnYxK2pzb24iLCJkaWdlc3QiOiJzaGEyNTY6YjA5ZmQ5MWFmZTJiMjcyMmU3YTgwNjYzN2UxODUxNjdhZjVmMTA4ZDk2N2UwNGYzYzllODZhY2Y4MzllMmNhYiIsInNpemUiOjIzOTIsImFubm90YXRpb25zIjp7Im9yZy5vcGVuY29udGFpbmVycy5pbWFnZS5jcmVhdGVkIjoiMjAyNi0wNi0xN1QxODowNzo0NloifSwicGxhdGZvcm0iOnsiYXJjaGl0ZWN0dXJlIjoiYW1kNjQiLCJvcyI6ImxpbnV4In19,2026-06-17T18:07:48.696355894Z,info,"{""serviceId"":""ede4a3ba-6bc0-424f-802c-b3e2041b4048"",""deploymentId"":""34d4ca83-6f85-4127-aaa3-64563aac22f8"",""deploymentInstanceId"":null}","{""level"":""info""}"
containerimage.config.digest: sha256:5ea667069bc0dbbd463df020fa10e7f7169534fc28aa2079f8328f970b913876,2026-06-17T18:07:48.696357770Z,info,"{""serviceId"":""ede4a3ba-6bc0-424f-802c-b3e2041b4048"",""deploymentId"":""34d4ca83-6f85-4127-aaa3-64563aac22f8"",""deploymentInstanceId"":null}","{""level"":""info""}"
containerimage.digest: sha256:b09fd91afe2b2722e7a806637e185167af5f108d967e04f3c9e86acf839e2cab,2026-06-17T18:07:48.696359011Z,info,"{""serviceId"":""ede4a3ba-6bc0-424f-802c-b3e2041b4048"",""deploymentId"":""34d4ca83-6f85-4127-aaa3-64563aac22f8"",""deploymentInstanceId"":null}","{""level"":""info""}"
image push,2026-06-17T18:08:06.755603894Z,info,"{""serviceId"":""ede4a3ba-6bc0-424f-802c-b3e2041b4048"",""deploymentId"":""34d4ca83-6f85-4127-aaa3-64563aac22f8"",""deploymentInstanceId"":null}","{""source"":""railway.progress"",""status"":""complete"",""size"":654379277,""total_size"":654379277,""duration_ms"":17388,""level"":""info""}"
image push,2026-06-17T18:08:06.755679139Z,info,"{""serviceId"":""ede4a3ba-6bc0-424f-802c-b3e2041b4048"",""deploymentId"":""34d4ca83-6f85-4127-aaa3-64563aac22f8"",""deploymentInstanceId"":null}","{""source"":""railway.progress"",""status"":""in-progress"",""size"":654312629,""total_size"":654381336,""duration_ms"":17389,""level"":""info""}"
,2026-06-17T18:08:14.373286296Z,info,"{""serviceId"":""ede4a3ba-6bc0-424f-802c-b3e2041b4048"",""deploymentId"":null,""deploymentInstanceId"":null}","{""level"":""info""}"
"[35m====================
Starting Healthcheck
====================
[0m",2026-06-17T18:08:14.373289956Z,info,"{""serviceId"":""ede4a3ba-6bc0-424f-802c-b3e2041b4048"",""deploymentId"":null,""deploymentInstanceId"":null}","{""level"":""info""}"
[37mPath: /api/health[0m,2026-06-17T18:08:14.373291350Z,info,"{""serviceId"":""ede4a3ba-6bc0-424f-802c-b3e2041b4048"",""deploymentId"":null,""deploymentInstanceId"":null}","{""level"":""info""}"
[37mRetry window: 2m0s[0m,2026-06-17T18:08:14.373292442Z,info,"{""serviceId"":""ede4a3ba-6bc0-424f-802c-b3e2041b4048"",""deploymentId"":null,""deploymentInstanceId"":null}","{""level"":""info""}"
,2026-06-17T18:08:14.373293281Z,info,"{""serviceId"":""ede4a3ba-6bc0-424f-802c-b3e2041b4048"",""deploymentId"":null,""deploymentInstanceId"":null}","{""level"":""info""}"
[93mAttempt #1 failed with service unavailable. Continuing to retry for 1m49s[0m,2026-06-17T18:08:24.468558364Z,info,"{""serviceId"":""ede4a3ba-6bc0-424f-802c-b3e2041b4048"",""deploymentId"":null,""deploymentInstanceId"":null}","{""level"":""info""}"
[93mAttempt #2 failed with service unavailable. Continuing to retry for 1m38s[0m,2026-06-17T18:08:35.501108331Z,info,"{""serviceId"":""ede4a3ba-6bc0-424f-802c-b3e2041b4048"",""deploymentId"":null,""deploymentInstanceId"":null}","{""level"":""info""}"
[93mAttempt #3 failed with service unavailable. Continuing to retry for 1m26s[0m,2026-06-17T18:08:47.549680418Z,info,"{""serviceId"":""ede4a3ba-6bc0-424f-802c-b3e2041b4048"",""deploymentId"":null,""deploymentInstanceId"":null}","{""level"":""info""}"
[93mAttempt #4 failed with service unavailable. Continuing to retry for 1m12s[0m,2026-06-17T18:09:01.583723098Z,info,"{""serviceId"":""ede4a3ba-6bc0-424f-802c-b3e2041b4048"",""deploymentId"":null,""deploymentInstanceId"":null}","{""level"":""info""}"
[93mAttempt #5 failed with service unavailable. Continuing to retry for 54s[0m,2026-06-17T18:09:19.621130873Z,info,"{""serviceId"":""ede4a3ba-6bc0-424f-802c-b3e2041b4048"",""deploymentId"":null,""deploymentInstanceId"":null}","{""level"":""info""}"
[93mAttempt #6 failed with service unavailable. Continuing to retry for 28s[0m,2026-06-17T18:09:45.650221968Z,info,"{""serviceId"":""ede4a3ba-6bc0-424f-802c-b3e2041b4048"",""deploymentId"":null,""deploymentInstanceId"":null}","{""level"":""info""}"
,2026-06-17T18:09:45.727059762Z,info,"{""serviceId"":""ede4a3ba-6bc0-424f-802c-b3e2041b4048"",""deploymentId"":null,""deploymentInstanceId"":null}","{""level"":""info""}"
[91m1/1 replicas never became healthy![0m,2026-06-17T18:09:45.727064089Z,info,"{""serviceId"":""ede4a3ba-6bc0-424f-802c-b3e2041b4048"",""deploymentId"":null,""deploymentInstanceId"":null}","{""level"":""info""}"
[91mHealthcheck failed![0m,2026-06-17T18:09:45.727065054Z,info,"{""serviceId"":""ede4a3ba-6bc0-424f-802c-b3e2041b4048"",""deploymentId"":null,""deploymentInstanceId"":null}","{""level"":""info""}"